experiment,author,stock,genotype,embryo,view,xres,yres,zres,slices,timestep,frames,zygosity
2019-04-25_slpGap,bruno,slp,"Df(2L)ed1/CyO,twi-GFP;TM6B,Tb/Gap43-mCherry",slp-CTGap_1_t45s_z3_G1,lateral,0.2859011,0.2859011,3.0000000,,45,330,heterozygote
2019-04-25_slpGap,bruno,slp,"Df(2L)ed1/CyO,twi-GFP;TM6B,Tb/Gap43-mCherry",slp-CTGap_1_t45s_z3_G2,lateral,0.2859011,0.2859011,3.0000000,,45,330,heterozygote
2019-04-25_slpGap,bruno,slp,"Df(2L)ed1/CyO,twi-GFP;TM6B,Tb/Gap43-mCherry",slp-CTGap_1_t45s_z3_G3,lateral,0.2859011,0.2859011,3.0000000,,45,330,heterozygote
2019-04-25_slpGap,bruno,slp,"Df(2L)ed1/CyO,twi-GFP;TM6B,Tb/Gap43-mCherry",slp-CTGap_1_t45s_z3_G4,lateral,0.2859011,0.2859011,3.0000000,,45,330,homozygote
2019-04-25_slpGap,bruno,slp,"Df(2L)ed1/CyO,twi-GFP;TM6B,Tb/Gap43-mCherry",slp-CTGap_1_t45s_z3_G5,lateral,0.2859011,0.2859011,3.0000000,,45,330,heterozygote
2019-06-27_slpGap,bruno,slp,"Df(2L)ed1/CyO,twi-GFP;TM6B,Tb/Gap43-mCherry",slpGap_t45_z3_E1,lateral,0.2853696,0.2853696,3.0000000,,45,200,heterozygote
2019-06-27_slpGap,bruno,slp,"Df(2L)ed1/CyO,twi-GFP;TM6B,Tb/Gap43-mCherry",slpGap_t45_z3_E3,lateral,0.2853696,0.2853696,3.0000000,,45,200,heterozygote
2019-06-27_slpGap,bruno,slp,"Df(2L)ed1/CyO,twi-GFP;TM6B,Tb/Gap43-mCherry",slpGap_t45_z3_E4,lateral,0.2853696,0.2853696,3.0000000,,45,200,heterozygote
2019-07-03_slpGap,bruno,slp,"Df(2L)ed1/CyO,twi-GFP;TM6B,Tb/Gap43-mCherry",slpGap_t50s_z3_E1,lateral,0.2853696,0.2853696,3.0000000,,50,360,homozygote
2019-07-03_slpGap,bruno,slp,"Df(2L)ed1/CyO,twi-GFP;TM6B,Tb/Gap43-mCherry",slpGap_t50s_z3_E2,lateral,0.2853696,0.2853696,3.0000000,,50,360,heterozygote
2019-07-03_slpGap,bruno,slp,"Df(2L)ed1/CyO,twi-GFP;TM6B,Tb/Gap43-mCherry",slpGap_t50s_z3_E3,lateral,0.2853696,0.2853696,3.0000000,,50,360,heterozygote
2019-07-03_slpGap,bruno,slp,"Df(2L)ed1/CyO,twi-GFP;TM6B,Tb/Gap43-mCherry",slpGap_t50s_z3_E4,lateral,0.2853696,0.2853696,3.0000000,,50,360,homozygote
2019-07-03_slpGap,bruno,slp,"Df(2L)ed1/CyO,twi-GFP;TM6B,Tb/Gap43-mCherry",slpGap_t50s_z3_E5,lateral,0.2853696,0.2853696,3.0000000,,50,360,heterozygote
2019-07-03_slpGap,bruno,slp,"Df(2L)ed1/CyO,twi-GFP;TM6B,Tb/Gap43-mCherry",slpGap_t50s_z3_E7,lateral,0.2853696,0.2853696,3.0000000,,50,360,homozygote
2019-07-03_slpGap,bruno,slp,"Df(2L)ed1/CyO,twi-GFP;TM6B,Tb/Gap43-mCherry",slpGap_t50s_z3_E9,lateral,0.2853696,0.2853696,3.0000000,,50,360,homozygote
2019-07-03_slpGap,bruno,slp,"Df(2L)ed1/CyO,twi-GFP;TM6B,Tb/Gap43-mCherry",slpGap_t50s_z3_E11,lateral,0.2853696,0.2853696,3.0000000,,50,360,heterozygote
2019-07-03_slpGap,bruno,slp,"Df(2L)ed1/CyO,twi-GFP;TM6B,Tb/Gap43-mCherry",slpGap_t50s_z3_E12,lateral,0.2853696,0.2853696,3.0000000,,50,360,heterozygote
2019-07-03_slpGap,bruno,slp,"Df(2L)ed1/CyO,twi-GFP;TM6B,Tb/Gap43-mCherry",slpGap_t50s_z3_E13,lateral,0.2853696,0.2853696,3.0000000,,50,360,heterozygote
2019-07-25_slpGap,bruno,slp,"Df(2L)ed1/CyO,twi-GFP;TM6B,Tb/Gap43-mCherry",slpGap_t70s_z3_E1,lateral,0.2853696,0.2853696,3.0000000,,70,201,heterozygote
2019-07-25_slpGap,bruno,slp,"Df(2L)ed1/CyO,twi-GFP;TM6B,Tb/Gap43-mCherry",slpGap_t70s_z3_E2,lateral,0.2853696,0.2853696,3.0000000,,70,201,heterozygote
2019-07-25_slpGap,bruno,slp,"Df(2L)ed1/CyO,twi-GFP;TM6B,Tb/Gap43-mCherry",slpGap_t70s_z3_E3,lateral,0.2853696,0.2853696,3.0000000,,70,201,heterozygote
2019-07-25_slpGap,bruno,slp,"Df(2L)ed1/CyO,twi-GFP;TM6B,Tb/Gap43-mCherry",slpGap_t70s_z3_E4,lateral,0.2853696,0.2853696,3.0000000,,70,201,heterozygote
2019-07-25_slpGap,bruno,slp,"Df(2L)ed1/CyO,twi-GFP;TM6B,Tb/Gap43-mCherry",slpGap_t70s_z3_E5,lateral,0.2853696,0.2853696,3.0000000,,70,201,heterozygote
2019-07-25_slpGap,bruno,slp,"Df(2L)ed1/CyO,twi-GFP;TM6B,Tb/Gap43-mCherry",slpGap_t70s_z3_E6,lateral,0.2853696,0.2853696,3.0000000,,70,201,heterozygote
2019-07-25_slpGap,bruno,slp,"Df(2L)ed1/CyO,twi-GFP;TM6B,Tb/Gap43-mCherry",slpGap_t70s_z3_E7,lateral,0.2853696,0.2853696,3.0000000,,70,201,heterozygote
2019-07-25_slpGap,bruno,slp,"Df(2L)ed1/CyO,twi-GFP;TM6B,Tb/Gap43-mCherry",slpGap_t70s_z3_E8,lateral,0.2853696,0.2853696,3.0000000,,70,201,heterozygote
2019-07-25_slpGap,bruno,slp,"Df(2L)ed1/CyO,twi-GFP;TM6B,Tb/Gap43-mCherry",slpGap_t70s_z3_E9,lateral,0.2853696,0.2853696,3.0000000,,70,201,heterozygote
2019-07-25_slpGap,bruno,slp,"Df(2L)ed1/CyO,twi-GFP;TM6B,Tb/Gap43-mCherry",slpGap_t70s_z3_E11,lateral,0.2853696,0.2853696,3.0000000,,70,201,heterozygote
2019-07-25_slpGap,bruno,slp,"Df(2L)ed1/CyO,twi-GFP;TM6B,Tb/Gap43-mCherry",slpGap_t70s_z3_E13,lateral,0.2853696,0.2853696,3.0000000,,70,201,heterozygote
2019-07-25_slpGap,bruno,slp,"Df(2L)ed1/CyO,twi-GFP;TM6B,Tb/Gap43-mCherry",slpGap_t70s_z3_E14,lateral,0.2853696,0.2853696,3.0000000,,70,201,heterozygote
2019-07-25_slpGap,bruno,slp,"Df(2L)ed1/CyO,twi-GFP;TM6B,Tb/Gap43-mCherry",slpGap_t70s_z3_E15,lateral,0.2853696,0.2853696,3.0000000,,70,201,homozygote
2019-07-25_slpGap,bruno,slp,"Df(2L)ed1/CyO,twi-GFP;TM6B,Tb/Gap43-mCherry",slpGap_t70s_z3_E16,lateral,0.2853696,0.2853696,3.0000000,,70,201,homozygote
2019-09-27_slp-HisGap,bruno,slp,"Df(2L)ed1/CyO,twi-GFP;TM6B,Tb/His-GFP,Gap43-mCherry",slp-HisGap_2_t15s_E1,lateral,0.2853696,0.2853696,3.0000000,,15,360,heterozygote
2019-09-27_slp-HisGap,bruno,slp,"Df(2L)ed1/CyO,twi-GFP;TM6B,Tb/His-GFP,Gap43-mCherry",slp-HisGap_2_t15s_E2,lateral,0.2853696,0.2853696,3.0000000,,15,360,heterozygote
2019-09-27_slp-HisGap,bruno,slp,"Df(2L)ed1/CyO,twi-GFP;TM6B,Tb/His-GFP,Gap43-mCherry",slp-HisGap_2_t15s_E3,lateral,0.2853696,0.2853696,3.0000000,,15,360,homozygote
2019-09-27_slp-HisGap,bruno,slp,"Df(2L)ed1/CyO,twi-GFP;TM6B,Tb/His-GFP,Gap43-mCherry",slp-HisGap_2_t15s_E4,lateral,0.2853696,0.2853696,3.0000000,,15,360,heterozygote
2019-10-07_slp-HisGap,bruno,slp,"Df(2L)ed1/CyO,twi-GFP;TM6B,Tb/His-GFP,Gap43-mCherry",slp-HisGap_1_t35s_E2,lateral,0.2853696,0.2853696,3.0000000,,35,360,heterozygote
2019-10-07_slp-HisGap,bruno,slp,"Df(2L)ed1/CyO,twi-GFP;TM6B,Tb/His-GFP,Gap43-mCherry",slp-HisGap_1_t35s_E4,lateral,0.2853696,0.2853696,3.0000000,,35,360,homozygote
2019-10-07_slp-HisGap,bruno,slp,"Df(2L)ed1/CyO,twi-GFP;TM6B,Tb/His-GFP,Gap43-mCherry",slp-HisGap_1_t35s_E9,lateral,0.2853696,0.2853696,3.0000000,,35,360,heterozygote
2019-10-03_prd-Gap,bruno,prd,"prd[4]/CyO,twi-GFP;Gap43-mCherry/MKRS",prd-Gap_1_t60s_E1,lateral,0.2853696,0.2853696,3.0000000,,60,170,heterozygote
2019-10-03_prd-Gap,bruno,prd,"prd[4]/CyO,twi-GFP;Gap43-mCherry/MKRS",prd-Gap_1_t60s_E2,lateral,0.2853696,0.2853696,3.0000000,,60,170,heterozygote
2019-10-03_prd-Gap,bruno,prd,"prd[4]/CyO,twi-GFP;Gap43-mCherry/MKRS",prd-Gap_1_t60s_E3,lateral,0.2853696,0.2853696,3.0000000,,60,170,heterozygote
2019-10-03_prd-Gap,bruno,prd,"prd[4]/CyO,twi-GFP;Gap43-mCherry/MKRS",prd-Gap_1_t60s_E4,lateral,0.2853696,0.2853696,3.0000000,,60,170,homozygote
2019-10-03_prd-Gap,bruno,prd,"prd[4]/CyO,twi-GFP;Gap43-mCherry/MKRS",prd-Gap_1_t60s_E5,lateral,0.2853696,0.2853696,3.0000000,,60,170,heterozygote
2019-10-03_prd-Gap,bruno,prd,"prd[4]/CyO,twi-GFP;Gap43-mCherry/MKRS",prd-Gap_1_t60s_E6,lateral,0.2853696,0.2853696,3.0000000,,60,170,heterozygote
2019-10-03_prd-Gap,bruno,prd,"prd[4]/CyO,twi-GFP;Gap43-mCherry/MKRS",prd-Gap_1_t60s_E7,lateral,0.2853696,0.2853696,3.0000000,,60,170,heterozygote
2019-10-03_prd-Gap,bruno,prd,"prd[4]/CyO,twi-GFP;Gap43-mCherry/MKRS",prd-Gap_1_t60s_E8,lateral,0.2853696,0.2853696,3.0000000,,60,170,heterozygote
2019-10-03_prd-Gap,bruno,prd,"prd[4]/CyO,twi-GFP;Gap43-mCherry/MKRS",prd-Gap_1_t60s_E9,lateral,0.2853696,0.2853696,3.0000000,,60,170,homozygote
2019-10-03_prd-Gap,bruno,prd,"prd[4]/CyO,twi-GFP;Gap43-mCherry/MKRS",prd-Gap_1_t60s_E10,lateral,0.2853696,0.2853696,3.0000000,,60,170,homozygote
2019-10-03_prd-Gap,bruno,prd,"prd[4]/CyO,twi-GFP;Gap43-mCherry/MKRS",prd-Gap_1_t60s_E11,lateral,0.2853696,0.2853696,3.0000000,,60,170,heterozygote
2019-10-03_prd-Gap,bruno,prd,"prd[4]/CyO,twi-GFP;Gap43-mCherry/MKRS",prd-Gap_1_t60s_E12,lateral,0.2853696,0.2853696,3.0000000,,60,170,homozygote
2019-10-03_prd-Gap,bruno,prd,"prd[4]/CyO,twi-GFP;Gap43-mCherry/MKRS",prd-Gap_1_t60s_E13,lateral,0.2853696,0.2853696,3.0000000,,60,170,heterozygote
2019-10-03_prd-Gap,bruno,prd,"prd[4]/CyO,twi-GFP;Gap43-mCherry/MKRS",prd-Gap_1_t60s_E15,lateral,0.2853696,0.2853696,3.0000000,,60,170,heterozygote
2019-10-03_prd-Gap,bruno,prd,"prd[4]/CyO,twi-GFP;Gap43-mCherry/MKRS",prd-Gap_1_t60s_E16,lateral,0.2853696,0.2853696,3.0000000,,60,170,homozygote
2020-01-15_eve-Gap,bruno,eve,"eve[3]/CyO,twi-GFP;Gap43-mCherry/MKRS",eve-Gap_1_E13,lateral,0.2749087,0.2749087,3.0000000,,60,180,homozygote
2020-01-17_eve-Gap,bruno,eve,"eve[3]/CyO,twi-GFP;Gap43-mCherry/MKRS",eve-Gap_1_t45s_z3_E1,lateral,0.2758360,0.2758360,3.0000000,,45,215,heterozygote
2020-01-17_eve-Gap,bruno,eve,"eve[3]/CyO,twi-GFP;Gap43-mCherry/MKRS",eve-Gap_1_t45s_z3_E4,lateral,0.2758360,0.2758360,3.0000000,,45,215,heterozygote
2020-01-17_eve-Gap,bruno,eve,"eve[3]/CyO,twi-GFP;Gap43-mCherry/MKRS",eve-Gap_1_t45s_z3_E11,lateral,0.2758360,0.2758360,3.0000000,,45,215,homozygote
2020-01-22_eve-Gap,bruno,eve,"eve[3]/CyO,twi-GFP;Gap43-mCherry/MKRS",eve-Gap1_t60s_z3_E2,lateral,0.2758360,0.2758360,3.0000000,,60,190,homozygote
2020-01-22_eve-Gap,bruno,eve,"eve[3]/CyO,twi-GFP;Gap43-mCherry/MKRS",eve-Gap1_t60s_z3_E3,lateral,0.2758360,0.2758360,3.0000000,,60,190,homozygote
2020-01-22_eve-Gap,bruno,eve,"eve[3]/CyO,twi-GFP;Gap43-mCherry/MKRS",eve-Gap1_t60s_z3_E4,lateral,0.2758360,0.2758360,3.0000000,,60,190,heterozygote
2020-01-22_eve-Gap,bruno,eve,"eve[3]/CyO,twi-GFP;Gap43-mCherry/MKRS",eve-Gap1_t60s_z3_E5,lateral,0.2758360,0.2758360,3.0000000,,60,190,heterozygote
2020-01-22_eve-Gap,bruno,eve,"eve[3]/CyO,twi-GFP;Gap43-mCherry/MKRS",eve-Gap1_t60s_z3_E9,lateral,0.2758360,0.2758360,3.0000000,,60,190,heterozygote
2020-01-22_eve-Gap,bruno,eve,"eve[3]/CyO,twi-GFP;Gap43-mCherry/MKRS",eve-Gap1_t60s_z3_E11,lateral,0.2758360,0.2758360,3.0000000,,60,190,heterozygote
2020-01-22_eve-Gap,bruno,eve,"eve[3]/CyO,twi-GFP;Gap43-mCherry/MKRS",eve-Gap1_t60s_z3_E12,lateral,0.2758360,0.2758360,3.0000000,,60,190,homozygote
2020-01-22_eve-Gap,bruno,eve,"eve[3]/CyO,twi-GFP;Gap43-mCherry/MKRS",eve-Gap1_t60s_z3_E16,lateral,0.2758360,0.2758360,3.0000000,,60,190,heterozygote
2020-02-10_btd-hisgap,bruno,btd,"btd[XA]/FM7c,Kr-GFP;;Gap43-mCherry/MKRS",btd-hisgap1_E7,lateral,0.2853696,0.2853696,3.0000000,,60,300,heterozygote
2020-02-10_btd-hisgap,bruno,btd,"btd[XA]/FM7c,Kr-GFP;;Gap43-mCherry/MKRS",btd-hisgap1_E8,lateral,0.2853696,0.2853696,3.0000000,,60,300,homozygote
2020-07-27_btd-HisGap,bruno,btd,"btd[XA]/FM7c,Kr-GFP;;His-GFP,Gap43-mCherry/MKRS",btd-HisGap_z3_t51s_E4,lateral,0.2853696,0.2853696,3.0000000,,51,234,heterozygote
2020-07-27_btd-HisGap,bruno,btd,"btd[XA]/FM7c,Kr-GFP;;His-GFP,Gap43-mCherry/MKRS",btd-HisGap_z3_t51s_E7,lateral,0.2853696,0.2853696,3.0000000,,51,234,heterozygote
2020-07-27_btd-HisGap,bruno,btd,"btd[XA]/FM7c,Kr-GFP;;His-GFP,Gap43-mCherry/MKRS",btd-HisGap_z3_t51s_E11,lateral,0.2853696,0.2853696,3.0000000,,51,234,homozygote
2020-07-27_btd-HisGap,bruno,btd,"btd[XA]/FM7c,Kr-GFP;;His-GFP,Gap43-mCherry/MKRS",btd-HisGap_z3_t51s_E14,lateral,0.2853696,0.2853696,3.0000000,,51,234,heterozygote
2020-09-16_btd-gap,bruno,btd,"btd[XA]/FM7c,Kr-GFP;;Gap43-mCherry/MKRS",btd-gap_z3_t55s_E3,lateral,0.2853696,0.2853696,3.0000000,,55,150,heterozygote
2020-09-16_btd-gap,bruno,btd,"btd[XA]/FM7c,Kr-GFP;;Gap43-mCherry/MKRS",btd-gap_z3_t55s_E6,lateral,0.2853696,0.2853696,3.0000000,,55,150,homozygote
2020-09-16_btd-gap,bruno,btd,"btd[XA]/FM7c,Kr-GFP;;Gap43-mCherry/MKRS",btd-gap_z3_t55s_E8,lateral,0.2853696,0.2853696,3.0000000,,55,150,homozygote
2020-09-16_btd-gap,bruno,btd,"btd[XA]/FM7c,Kr-GFP;;Gap43-mCherry/MKRS",btd-gap_z3_t55s_E10,lateral,0.2853696,0.2853696,3.0000000,,55,150,heterozygote
2020-09-16_btd-gap,bruno,btd,"btd[XA]/FM7c,Kr-GFP;;Gap43-mCherry/MKRS",btd-gap_z3_t55s_E12,lateral,0.2853696,0.2853696,3.0000000,,55,150,heterozygote
2020-09-16_btd-gap,bruno,btd,"btd[XA]/FM7c,Kr-GFP;;Gap43-mCherry/MKRS",btd-gap_z3_t55s_E14,lateral,0.2853696,0.2853696,3.0000000,,55,150,homozygote
2020-09-17_btd-gap,bruno,btd,"btd[XA]/FM7c,Kr-GFP;;Gap43-mCherry/MKRS",btd-gap2_z3_t55s_E7,lateral,0.2853718,0.2853718,3.0000000,,55,195,homozygote
2020-09-17_btd-gap,bruno,btd,"btd[XA]/FM7c,Kr-GFP;;Gap43-mCherry/MKRS",btd-gap2_z3_t55s_E8,lateral,0.2853718,0.2853718,3.0000000,,55,195,heterozygote
2020-09-17_btd-gap,bruno,btd,"btd[XA]/FM7c,Kr-GFP;;Gap43-mCherry/MKRS",btd-gap2_z3_t55s_E12,lateral,0.2853718,0.2853718,3.0000000,,55,195,heterozygote
2020-09-17_btd-gap,bruno,btd,"btd[XA]/FM7c,Kr-GFP;;Gap43-mCherry/MKRS",btd-gap2_z3_t55s_E14,lateral,0.2853718,0.2853718,3.0000000,,55,195,homozygote
2020-09-24_btd-gap_dorsal,bruno,btd,"btd[XA]/FM7c,Kr-GFP;;Gap43-mCherry/MKRS",btd-gap_dorsal1_z3_t51s_E1,dorsal,0.1426848,0.1426848,3.0000000,,51,183,heterozygote
2020-09-24_btd-gap_dorsal,bruno,btd,"btd[XA]/FM7c,Kr-GFP;;Gap43-mCherry/MKRS",btd-gap_dorsal1_z3_t51s_E3,dorsal,0.1426848,0.1426848,3.0000000,,51,183,heterozygote
2020-09-24_btd-gap_dorsal,bruno,btd,"btd[XA]/FM7c,Kr-GFP;;Gap43-mCherry/MKRS",btd-gap_dorsal1_z3_t51s_E4,dorsal,0.1426848,0.1426848,3.0000000,,51,183,heterozygote
2020-09-24_btd-gap_dorsal,bruno,btd,"btd[XA]/FM7c,Kr-GFP;;Gap43-mCherry/MKRS",btd-gap_dorsal1_z3_t51s_E5,dorsal,0.1426848,0.1426848,3.0000000,,51,183,heterozygote
2020-09-24_btd-gap_dorsal,bruno,btd,"btd[XA]/FM7c,Kr-GFP;;Gap43-mCherry/MKRS",btd-gap_dorsal1_z3_t51s_E6,dorsal,0.1426848,0.1426848,3.0000000,,51,183,heterozygote
2020-09-24_btd-gap_dorsal,bruno,btd,"btd[XA]/FM7c,Kr-GFP;;Gap43-mCherry/MKRS",btd-gap_dorsal1_z3_t51s_E8,dorsal,0.1426848,0.1426848,3.0000000,,51,183,heterozygote
2020-09-24_btd-gap_dorsal,bruno,btd,"btd[XA]/FM7c,Kr-GFP;;Gap43-mCherry/MKRS",btd-gap_dorsal1_z3_t51s_E9,dorsal,0.1426848,0.1426848,3.0000000,,51,183,heterozygote
2020-09-24_btd-gap_dorsal,bruno,btd,"btd[XA]/FM7c,Kr-GFP;;Gap43-mCherry/MKRS",btd-gap_dorsal1_z3_t51s_E10,dorsal,0.1426848,0.1426848,3.0000000,,51,183,heterozygote
2020-09-24_btd-gap_dorsal,bruno,btd,"btd[XA]/FM7c,Kr-GFP;;Gap43-mCherry/MKRS",btd-gap_dorsal1_z3_t51s_E11,dorsal,0.1426848,0.1426848,3.0000000,,51,183,heterozygote
2020-09-24_btd-gap_dorsal,bruno,btd,"btd[XA]/FM7c,Kr-GFP;;Gap43-mCherry/MKRS",btd-gap_dorsal1_z3_t51s_E12,dorsal,0.1426848,0.1426848,3.0000000,,51,183,homozygote
2020-10-13_btd-gap_dorsal,bruno,btd,"btd[XA]/FM7c,Kr-GFP;;Gap43-mCherry/MKRS",btd-gap_dorsal_1_z1.5_t51s_E1,dorsal,0.1426848,0.1426848,1.5000000,,51,185,heterozygote
2020-10-13_btd-gap_dorsal,bruno,btd,"btd[XA]/FM7c,Kr-GFP;;Gap43-mCherry/MKRS",btd-gap_dorsal_1_z1.5_t51s_E2,dorsal,0.1426848,0.1426848,1.5000000,,51,185,homozygote
2020-10-13_btd-gap_dorsal,bruno,btd,"btd[XA]/FM7c,Kr-GFP;;Gap43-mCherry/MKRS",btd-gap_dorsal_1_z1.5_t51s_E4,dorsal,0.1426848,0.1426848,1.5000000,,51,185,heterozygote
2020-10-13_btd-gap_dorsal,bruno,btd,"btd[XA]/FM7c,Kr-GFP;;Gap43-mCherry/MKRS",btd-gap_dorsal_1_z1.5_t51s_E5,dorsal,0.1426848,0.1426848,1.5000000,,51,185,heterozygote
2020-10-13_btd-gap_dorsal,bruno,btd,"btd[XA]/FM7c,Kr-GFP;;Gap43-mCherry/MKRS",btd-gap_dorsal_1_z1.5_t51s_E6,dorsal,0.1426848,0.1426848,1.5000000,,51,185,homozygote
2020-10-13_btd-gap_dorsal,bruno,btd,"btd[XA]/FM7c,Kr-GFP;;Gap43-mCherry/MKRS",btd-gap_dorsal_1_z1.5_t51s_E8,dorsal,0.1426848,0.1426848,1.5000000,,51,185,heterozygote
2020-10-13_btd-gap_dorsal,bruno,btd,"btd[XA]/FM7c,Kr-GFP;;Gap43-mCherry/MKRS",btd-gap_dorsal_1_z1.5_t51s_E10,dorsal,0.1426848,0.1426848,1.5000000,,51,185,homozygote
2020-10-13_btd-gap_dorsal,bruno,btd,"btd[XA]/FM7c,Kr-GFP;;Gap43-mCherry/MKRS",btd-gap_dorsal_1_z1.5_t51s_E11,dorsal,0.1426848,0.1426848,1.5000000,,51,185,heterozygote
2020-10-13_btd-gap_dorsal,bruno,btd,"btd[XA]/FM7c,Kr-GFP;;Gap43-mCherry/MKRS",btd-gap_dorsal_1_z1.5_t51s_E13,dorsal,0.1426848,0.1426848,1.5000000,,51,185,heterozygote
2020-10-13_btd-gap_dorsal,bruno,btd,"btd[XA]/FM7c,Kr-GFP;;Gap43-mCherry/MKRS",btd-gap_dorsal_1_z1.5_t51s_E14,dorsal,0.1426848,0.1426848,1.5000000,,51,185,heterozygote
2020-10-13_btd-gap_dorsal,bruno,btd,"btd[XA]/FM7c,Kr-GFP;;Gap43-mCherry/MKRS",btd-gap_dorsal_1_z1.5_t51s_E15,dorsal,0.1426848,0.1426848,1.5000000,,51,185,heterozygote
2020-10-14_btd-gap_dorsal,bruno,btd,"btd[XA]/FM7c,Kr-GFP;;Gap43-mCherry/MKRS",btd-gap_dorsal_1_z3_t45s_E1,dorsal,0.1426848,0.1426848,3.0000000,,45,220,heterozygote
2020-10-14_btd-gap_dorsal,bruno,btd,"btd[XA]/FM7c,Kr-GFP;;Gap43-mCherry/MKRS",btd-gap_dorsal_1_z3_t45s_E2,dorsal,0.1426848,0.1426848,3.0000000,,45,220,heterozygote
2020-10-14_btd-gap_dorsal,bruno,btd,"btd[XA]/FM7c,Kr-GFP;;Gap43-mCherry/MKRS",btd-gap_dorsal_1_z3_t45s_E3,dorsal,0.1426848,0.1426848,3.0000000,,45,220,heterozygote
2020-10-14_btd-gap_dorsal,bruno,btd,"btd[XA]/FM7c,Kr-GFP;;Gap43-mCherry/MKRS",btd-gap_dorsal_1_z3_t45s_E4,dorsal,0.1426848,0.1426848,3.0000000,,45,220,homozygote
2020-10-14_btd-gap_dorsal,bruno,btd,"btd[XA]/FM7c,Kr-GFP;;Gap43-mCherry/MKRS",btd-gap_dorsal_1_z3_t45s_E5,dorsal,0.1426848,0.1426848,3.0000000,,45,220,homozygote
2020-10-14_btd-gap_dorsal,bruno,btd,"btd[XA]/FM7c,Kr-GFP;;Gap43-mCherry/MKRS",btd-gap_dorsal_1_z3_t45s_E6,dorsal,0.1426848,0.1426848,3.0000000,,45,220,heterozygote
2020-10-14_btd-gap_dorsal,bruno,btd,"btd[XA]/FM7c,Kr-GFP;;Gap43-mCherry/MKRS",btd-gap_dorsal_1_z3_t45s_E7,dorsal,0.1426848,0.1426848,3.0000000,,45,220,heterozygote
2020-10-14_btd-gap_dorsal,bruno,btd,"btd[XA]/FM7c,Kr-GFP;;Gap43-mCherry/MKRS",btd-gap_dorsal_1_z3_t45s_E8,dorsal,0.1426848,0.1426848,3.0000000,,45,220,heterozygote
2020-10-14_btd-gap_dorsal,bruno,btd,"btd[XA]/FM7c,Kr-GFP;;Gap43-mCherry/MKRS",btd-gap_dorsal_1_z3_t45s_E10,dorsal,0.1426848,0.1426848,3.0000000,,45,220,heterozygote
2020-10-14_btd-gap_dorsal,bruno,btd,"btd[XA]/FM7c,Kr-GFP;;Gap43-mCherry/MKRS",btd-gap_dorsal_1_z3_t45s_E12,dorsal,0.1426848,0.1426848,3.0000000,,45,220,heterozygote
2020-10-14_btd-gap_dorsal,bruno,btd,"btd[XA]/FM7c,Kr-GFP;;Gap43-mCherry/MKRS",btd-gap_dorsal_1_z3_t45s_E13,dorsal,0.1426848,0.1426848,3.0000000,,45,220,heterozygote
2020-10-14_btd-gap_dorsal,bruno,btd,"btd[XA]/FM7c,Kr-GFP;;Gap43-mCherry/MKRS",btd-gap_dorsal_1_z3_t45s_E14,dorsal,0.1426848,0.1426848,3.0000000,,45,220,homozygote
2020-10-14_btd-gap_dorsal,bruno,btd,"btd[XA]/FM7c,Kr-GFP;;Gap43-mCherry/MKRS",btd-gap_dorsal_1_z3_t45s_E15,dorsal,0.1426848,0.1426848,3.0000000,,45,220,heterozygote
2020-10-19_prd-gap_dorsal,bruno,prd,"prd[4]/CyO,twi-GFP;Gap43-mCherry/MKRS",prd-gap_dorsal_1_z3_t41s_E3,dorsal,0.1426848,0.1426848,3.0000000,15,41,205,heterozygote
2020-10-19_prd-gap_dorsal,bruno,prd,"prd[4]/CyO,twi-GFP;Gap43-mCherry/MKRS",prd-gap_dorsal_1_z3_t41s_E4,dorsal,0.1426848,0.1426848,3.0000000,15,41,205,homozygote
2020-10-19_prd-gap_dorsal,bruno,prd,"prd[4]/CyO,twi-GFP;Gap43-mCherry/MKRS",prd-gap_dorsal_1_z3_t41s_E5,dorsal,0.1426848,0.1426848,3.0000000,15,41,205,homozygote
2020-10-19_prd-gap_dorsal,bruno,prd,"prd[4]/CyO,twi-GFP;Gap43-mCherry/MKRS",prd-gap_dorsal_1_z3_t41s_E6,dorsal,0.1426848,0.1426848,3.0000000,15,41,205,homozygote
2020-10-19_prd-gap_dorsal,bruno,prd,"prd[4]/CyO,twi-GFP;Gap43-mCherry/MKRS",prd-gap_dorsal_1_z3_t41s_E7,dorsal,0.1426848,0.1426848,3.0000000,15,41,205,homozygote
2020-10-19_prd-gap_dorsal,bruno,prd,"prd[4]/CyO,twi-GFP;Gap43-mCherry/MKRS",prd-gap_dorsal_1_z3_t41s_E9,dorsal,0.1426848,0.1426848,3.0000000,15,41,205,heterozygote
2020-10-19_prd-gap_dorsal,bruno,prd,"prd[4]/CyO,twi-GFP;Gap43-mCherry/MKRS",prd-gap_dorsal_1_z3_t41s_E10,dorsal,0.1426848,0.1426848,3.0000000,15,41,205,heterozygote
2020-10-19_prd-gap_dorsal,bruno,prd,"prd[4]/CyO,twi-GFP;Gap43-mCherry/MKRS",prd-gap_dorsal_1_z3_t41s_E12,dorsal,0.1426848,0.1426848,3.0000000,15,41,205,heterozygote
2020-10-19_prd-gap_dorsal,bruno,prd,"prd[4]/CyO,twi-GFP;Gap43-mCherry/MKRS",prd-gap_dorsal_1_z3_t41s_E13,dorsal,0.1426848,0.1426848,3.0000000,15,41,205,heterozygote
2020-10-19_prd-gap_dorsal,bruno,prd,"prd[4]/CyO,twi-GFP;Gap43-mCherry/MKRS",prd-gap_dorsal_1_z3_t41s_E14,dorsal,0.1426848,0.1426848,3.0000000,15,41,205,homozygote
2020-10-19_prd-gap_dorsal,bruno,prd,"prd[4]/CyO,twi-GFP;Gap43-mCherry/MKRS",prd-gap_dorsal_1_z3_t41s_E15,dorsal,0.1426848,0.1426848,3.0000000,15,41,205,heterozygote
2020-10-21_prd-gap_dorsal,bruno,prd,"prd[4]/CyO,twi-GFP;Gap43-mCherry/MKRS",prd-gap_1_z3_t52s_E1,dorsal,0.1426848,0.1426848,3.0000000,15,52,151,heterozygote
2020-10-21_prd-gap_dorsal,bruno,prd,"prd[4]/CyO,twi-GFP;Gap43-mCherry/MKRS",prd-gap_1_z3_t52s_E4,dorsal,0.1426848,0.1426848,3.0000000,15,52,151,heterozygote
2020-10-21_prd-gap_dorsal,bruno,prd,"prd[4]/CyO,twi-GFP;Gap43-mCherry/MKRS",prd-gap_1_z3_t52s_E5,dorsal,0.1426848,0.1426848,3.0000000,15,52,151,heterozygote
2020-10-21_prd-gap_dorsal,bruno,prd,"prd[4]/CyO,twi-GFP;Gap43-mCherry/MKRS",prd-gap_1_z3_t52s_E8,dorsal,0.1426848,0.1426848,3.0000000,15,52,151,heterozygote
2020-10-21_prd-gap_dorsal,bruno,prd,"prd[4]/CyO,twi-GFP;Gap43-mCherry/MKRS",prd-gap_1_z3_t52s_E9,dorsal,0.1426848,0.1426848,3.0000000,15,52,151,heterozygote
2020-10-21_prd-gap_dorsal,bruno,prd,"prd[4]/CyO,twi-GFP;Gap43-mCherry/MKRS",prd-gap_1_z3_t52s_E10,dorsal,0.1426848,0.1426848,3.0000000,15,52,151,heterozygote
2020-10-21_prd-gap_dorsal,bruno,prd,"prd[4]/CyO,twi-GFP;Gap43-mCherry/MKRS",prd-gap_1_z3_t52s_E11,dorsal,0.1426848,0.1426848,3.0000000,15,52,151,homozygote
2020-10-21_prd-gap_dorsal,bruno,prd,"prd[4]/CyO,twi-GFP;Gap43-mCherry/MKRS",prd-gap_1_z3_t52s_E12,dorsal,0.1426848,0.1426848,3.0000000,15,52,151,homozygote
2020-10-21_prd-gap_dorsal,bruno,prd,"prd[4]/CyO,twi-GFP;Gap43-mCherry/MKRS",prd-gap_1_z3_t52s_E13,dorsal,0.1426848,0.1426848,3.0000000,15,52,151,heterozygote
2020-10-21_prd-gap_dorsal,bruno,prd,"prd[4]/CyO,twi-GFP;Gap43-mCherry/MKRS",prd-gap_1_z3_t52s_E14,dorsal,0.1426848,0.1426848,3.0000000,15,52,151,heterozygote
2020-10-21_prd-gap_dorsal,bruno,prd,"prd[4]/CyO,twi-GFP;Gap43-mCherry/MKRS",prd-gap_1_z3_t52s_E15,dorsal,0.1426848,0.1426848,3.0000000,15,52,151,heterozygote
2020-10-21_prd-gap_dorsal,bruno,prd,"prd[4]/CyO,twi-GFP;Gap43-mCherry/MKRS",prd-gap_1_z3_t52s_E16,dorsal,0.1426848,0.1426848,3.0000000,15,52,151,homozygote
2020-10-21_prd-gap_dorsal,bruno,prd,"prd[4]/CyO,twi-GFP;Gap43-mCherry/MKRS",prd-gap_1_z3_t52s_E17,dorsal,0.1426848,0.1426848,3.0000000,15,52,151,homozygote
2020-10-21_prd-gap_dorsal,bruno,prd,"prd[4]/CyO,twi-GFP;Gap43-mCherry/MKRS",prd-gap_1_z3_t52s_E18,dorsal,0.1426848,0.1426848,3.0000000,15,52,151,heterozygote
2020-10-21_prd-gap_dorsal,bruno,prd,"prd[4]/CyO,twi-GFP;Gap43-mCherry/MKRS",prd-gap_1_z3_t52s_E19,dorsal,0.1426848,0.1426848,3.0000000,15,52,151,heterozygote
2020-11-03_eve-gap_dorsal,bruno,eve,"eve[3]/CyO,twi-GFP;Gap43-mCherry/MKRS",eve-gap_dorsal_1_z3_t52s_E1,dorsal,0.1426848,0.1426848,3.0000000,15,52,174,heterozygote
2020-11-03_eve-gap_dorsal,bruno,eve,"eve[3]/CyO,twi-GFP;Gap43-mCherry/MKRS",eve-gap_dorsal_1_z3_t52s_E2,dorsal,0.1426848,0.1426848,3.0000000,15,52,174,heterozygote
2020-11-03_eve-gap_dorsal,bruno,eve,"eve[3]/CyO,twi-GFP;Gap43-mCherry/MKRS",eve-gap_dorsal_1_z3_t52s_E4,dorsal,0.1426848,0.1426848,3.0000000,15,52,174,heterozygote
2020-11-03_eve-gap_dorsal,bruno,eve,"eve[3]/CyO,twi-GFP;Gap43-mCherry/MKRS",eve-gap_dorsal_1_z3_t52s_E8,dorsal,0.1426848,0.1426848,3.0000000,15,52,174,heterozygote
2020-11-03_eve-gap_dorsal,bruno,eve,"eve[3]/CyO,twi-GFP;Gap43-mCherry/MKRS",eve-gap_dorsal_1_z3_t52s_E9,dorsal,0.1426848,0.1426848,3.0000000,15,52,174,homozygote
2020-11-03_eve-gap_dorsal,bruno,eve,"eve[3]/CyO,twi-GFP;Gap43-mCherry/MKRS",eve-gap_dorsal_1_z3_t52s_E10,dorsal,0.1426848,0.1426848,3.0000000,15,52,174,heterozygote
2020-11-03_eve-gap_dorsal,bruno,eve,"eve[3]/CyO,twi-GFP;Gap43-mCherry/MKRS",eve-gap_dorsal_1_z3_t52s_E11,dorsal,0.1426848,0.1426848,3.0000000,15,52,174,heterozygote
2020-11-03_eve-gap_dorsal,bruno,eve,"eve[3]/CyO,twi-GFP;Gap43-mCherry/MKRS",eve-gap_dorsal_1_z3_t52s_E12,dorsal,0.1426848,0.1426848,3.0000000,15,52,174,heterozygote
2020-11-03_eve-gap_dorsal,bruno,eve,"eve[3]/CyO,twi-GFP;Gap43-mCherry/MKRS",eve-gap_dorsal_1_z3_t52s_E13,dorsal,0.1426848,0.1426848,3.0000000,15,52,174,homozygote
2020-11-03_eve-gap_dorsal,bruno,eve,"eve[3]/CyO,twi-GFP;Gap43-mCherry/MKRS",eve-gap_dorsal_1_z3_t52s_E15,dorsal,0.1426848,0.1426848,3.0000000,15,52,174,heterozygote
2020-11-03_eve-gap_dorsal,bruno,eve,"eve[3]/CyO,twi-GFP;Gap43-mCherry/MKRS",eve-gap_dorsal_1_z3_t52s_E17,dorsal,0.1426848,0.1426848,3.0000000,15,52,174,heterozygote
2020-11-03_eve-gap_dorsal,bruno,eve,"eve[3]/CyO,twi-GFP;Gap43-mCherry/MKRS",eve-gap_dorsal_1_z3_t52s_E19,dorsal,0.1426848,0.1426848,3.0000000,15,52,174,homozygote
2020-11-04_eve-gap_dorsal,bruno,eve,"eve[3]/CyO,twi-GFP;Gap43-mCherry/MKRS",eve-gap_dorsal_2_z3_t53s_E2,dorsal,0.1426848,0.1426848,3.0000000,15,53,175,heterozygote
2020-11-04_eve-gap_dorsal,bruno,eve,"eve[3]/CyO,twi-GFP;Gap43-mCherry/MKRS",eve-gap_dorsal_2_z3_t53s_E3,dorsal,0.1426848,0.1426848,3.0000000,15,53,175,heterozygote
2020-11-04_eve-gap_dorsal,bruno,eve,"eve[3]/CyO,twi-GFP;Gap43-mCherry/MKRS",eve-gap_dorsal_2_z3_t53s_E4,dorsal,0.1426848,0.1426848,3.0000000,15,53,175,homozygote
2020-11-04_eve-gap_dorsal,bruno,eve,"eve[3]/CyO,twi-GFP;Gap43-mCherry/MKRS",eve-gap_dorsal_2_z3_t53s_E5,dorsal,0.1426848,0.1426848,3.0000000,15,53,175,heterozygote
2020-11-04_eve-gap_dorsal,bruno,eve,"eve[3]/CyO,twi-GFP;Gap43-mCherry/MKRS",eve-gap_dorsal_2_z3_t53s_E9,dorsal,0.1426848,0.1426848,3.0000000,15,53,175,heterozygote
2020-11-04_eve-gap_dorsal,bruno,eve,"eve[3]/CyO,twi-GFP;Gap43-mCherry/MKRS",eve-gap_dorsal_2_z3_t53s_E11,dorsal,0.1426848,0.1426848,3.0000000,15,53,175,heterozygote
2020-11-04_eve-gap_dorsal,bruno,eve,"eve[3]/CyO,twi-GFP;Gap43-mCherry/MKRS",eve-gap_dorsal_2_z3_t53s_E12,dorsal,0.1426848,0.1426848,3.0000000,15,53,175,heterozygote
2020-11-04_eve-gap_dorsal,bruno,eve,"eve[3]/CyO,twi-GFP;Gap43-mCherry/MKRS",eve-gap_dorsal_2_z3_t53s_E13,dorsal,0.1426848,0.1426848,3.0000000,15,53,175,heterozygote
2020-11-04_eve-gap_dorsal,bruno,eve,"eve[3]/CyO,twi-GFP;Gap43-mCherry/MKRS",eve-gap_dorsal_2_z3_t53s_E14,dorsal,0.1426848,0.1426848,3.0000000,15,53,175,homozygote
2020-11-04_eve-gap_dorsal,bruno,eve,"eve[3]/CyO,twi-GFP;Gap43-mCherry/MKRS",eve-gap_dorsal_2_z3_t53s_E15,dorsal,0.1426848,0.1426848,3.0000000,15,53,175,heterozygote
2020-11-04_eve-gap_dorsal,bruno,eve,"eve[3]/CyO,twi-GFP;Gap43-mCherry/MKRS",eve-gap_dorsal_2_z3_t53s_E17,dorsal,0.1426848,0.1426848,3.0000000,15,53,175,heterozygote
2020-11-04_eve-gap_dorsal,bruno,eve,"eve[3]/CyO,twi-GFP;Gap43-mCherry/MKRS",eve-gap_dorsal_2_z3_t53s_E19,dorsal,0.1426848,0.1426848,3.0000000,15,53,175,heterozygote
"2021-08-25_Gap,stg[2]",bruno,stg,"Gap43-mCherry,stg[2]/TM3","Gap,stg[2]_2_z3_t50s_E1",lateral,0.2853696,0.2853696,3.0000000,,50,270,homozygote
"2021-08-25_Gap,stg[2]",bruno,stg,"Gap43-mCherry,stg[2]/TM3","Gap,stg[2]_2_z3_t50s_E2",lateral,0.2853696,0.2853696,3.0000000,,50,270,homozygote
"2021-08-25_Gap,stg[2]",bruno,stg,"Gap43-mCherry,stg[2]/TM3","Gap,stg[2]_2_z3_t50s_E3",lateral,0.2853696,0.2853696,3.0000000,,50,270,homozygote
"2021-08-25_Gap,stg[2]",bruno,stg,"Gap43-mCherry,stg[2]/TM3","Gap,stg[2]_2_z3_t50s_E4",lateral,0.2853696,0.2853696,3.0000000,,50,270,heterozygote
"2021-08-25_Gap,stg[2]",bruno,stg,"Gap43-mCherry,stg[2]/TM3","Gap,stg[2]_2_z3_t50s_E7",lateral,0.2853696,0.2853696,3.0000000,,50,270,heterozygote
"2021-08-25_Gap,stg[2]",bruno,stg,"Gap43-mCherry,stg[2]/TM3","Gap,stg[2]_2_z3_t50s_E8",lateral,0.2853696,0.2853696,3.0000000,,50,270,heterozygote
"2021-08-25_Gap,stg[2]",bruno,stg,"Gap43-mCherry,stg[2]/TM3","Gap,stg[2]_2_z3_t50s_E9",lateral,0.2853696,0.2853696,3.0000000,,50,270,homozygote
"2021-08-25_Gap,stg[2]",bruno,stg,"Gap43-mCherry,stg[2]/TM3","Gap,stg[2]_2_z3_t50s_E10",lateral,0.2853696,0.2853696,3.0000000,,50,270,heterozygote
"2021-08-25_Gap,stg[2]",bruno,stg,"Gap43-mCherry,stg[2]/TM3","Gap,stg[2]_2_z3_t50s_E11",lateral,0.2853696,0.2853696,3.0000000,,50,270,homozygote
"2021-08-25_Gap,stg[2]",bruno,stg,"Gap43-mCherry,stg[2]/TM3","Gap,stg[2]_2_z3_t50s_E12",lateral,0.2853696,0.2853696,3.0000000,,50,270,homozygote
"2021-08-25_Gap,stg[2]",bruno,stg,"Gap43-mCherry,stg[2]/TM3","Gap,stg[2]_2_z3_t50s_E13",lateral,0.2853696,0.2853696,3.0000000,,50,270,heterozygote
"2021-08-25_Gap,stg[2]",bruno,stg,"Gap43-mCherry,stg[2]/TM3","Gap,stg[2]_2_z3_t50s_E14",lateral,0.2853696,0.2853696,3.0000000,,50,270,heterozygote
"2021-08-25_Gap,stg[2]",bruno,stg,"Gap43-mCherry,stg[2]/TM3","Gap,stg[2]_2_z3_t50s_E15",lateral,0.2853696,0.2853696,3.0000000,,50,270,heterozygote
"2021-10-25_Gap,stg[2]",bruno,stg,"Gap43-mCherry,stg[2]/TM3,Kr-GFP","Gap,stg[2]_green_1_z3_t52_E1",lateral,0.2853696,0.2853696,3.0000000,,52,180,heterozygote
"2021-10-25_Gap,stg[2]",bruno,stg,"Gap43-mCherry,stg[2]/TM3,Kr-GFP","Gap,stg[2]_green_1_z3_t52_E2",lateral,0.2853696,0.2853696,3.0000000,,52,180,heterozygote
"2021-10-25_Gap,stg[2]",bruno,stg,"Gap43-mCherry,stg[2]/TM3,Kr-GFP","Gap,stg[2]_green_1_z3_t52_E3",lateral,0.2853696,0.2853696,3.0000000,,52,180,heterozygote
"2021-10-25_Gap,stg[2]",bruno,stg,"Gap43-mCherry,stg[2]/TM3,Kr-GFP","Gap,stg[2]_green_1_z3_t52_E4",lateral,0.2853696,0.2853696,3.0000000,,52,180,heterozygote
"2021-10-25_Gap,stg[2]",bruno,stg,"Gap43-mCherry,stg[2]/TM3,Kr-GFP","Gap,stg[2]_green_1_z3_t52_E5",lateral,0.2853696,0.2853696,3.0000000,,52,180,heterozygote
"2021-10-25_Gap,stg[2]",bruno,stg,"Gap43-mCherry,stg[2]/TM3,Kr-GFP","Gap,stg[2]_green_1_z3_t52_E6",lateral,0.2853696,0.2853696,3.0000000,,52,180,heterozygote
"2021-10-25_Gap,stg[2]",bruno,stg,"Gap43-mCherry,stg[2]/TM3,Kr-GFP","Gap,stg[2]_green_1_z3_t52_E7",lateral,0.2853696,0.2853696,3.0000000,,52,180,heterozygote
"2021-10-25_Gap,stg[2]",bruno,stg,"Gap43-mCherry,stg[2]/TM3,Kr-GFP","Gap,stg[2]_green_1_z3_t52_E8",lateral,0.2853696,0.2853696,3.0000000,,52,180,heterozygote
"2021-10-25_Gap,stg[2]",bruno,stg,"Gap43-mCherry,stg[2]/TM3,Kr-GFP","Gap,stg[2]_green_1_z3_t52_E9",lateral,0.2853696,0.2853696,3.0000000,,52,180,heterozygote
"2021-10-25_Gap,stg[2]",bruno,stg,"Gap43-mCherry,stg[2]/TM3,Kr-GFP","Gap,stg[2]_green_1_z3_t52_E10",lateral,0.2853696,0.2853696,3.0000000,,52,180,heterozygote
"2021-10-25_Gap,stg[2]",bruno,stg,"Gap43-mCherry,stg[2]/TM3,Kr-GFP","Gap,stg[2]_green_1_z3_t52_E11",lateral,0.2853696,0.2853696,3.0000000,,52,180,heterozygote
"2021-10-25_Gap,stg[2]",bruno,stg,"Gap43-mCherry,stg[2]/TM3,Kr-GFP","Gap,stg[2]_green_1_z3_t52_E12",lateral,0.2853696,0.2853696,3.0000000,,52,180,heterozygote
"2021-10-25_Gap,stg[2]",bruno,stg,"Gap43-mCherry,stg[2]/TM3,Kr-GFP","Gap,stg[2]_green_1_z3_t52_E13",lateral,0.2853696,0.2853696,3.0000000,,52,180,heterozygote
"2021-10-25_Gap,stg[2]",bruno,stg,"Gap43-mCherry,stg[2]/TM3,Kr-GFP","Gap,stg[2]_green_1_z3_t52_E14",lateral,0.2853696,0.2853696,3.0000000,,52,180,homozygote
"2021-10-25_Gap,stg[2]",bruno,stg,"Gap43-mCherry,stg[2]/TM3,Kr-GFP","Gap,stg[2]_green_1_z3_t52_E15",lateral,0.2853696,0.2853696,3.0000000,,52,180,heterozygote
"2021-10-25_Gap,stg[2]",bruno,stg,"Gap43-mCherry,stg[2]/TM3,Kr-GFP","Gap,stg[2]_green_1_z3_t52_E16",lateral,0.2853696,0.2853696,3.0000000,,52,180,homozygote
"2021-10-26_Gap,stg[2]",bruno,stg,"Gap43-mCherry,stg[2]/TM3,Kr-GFP","Gap,stg[2]_dorsal_1_z3_t60_E1",dorsal,0.1426848,0.1426848,3.0000000,20,60,180,heterozygote
"2021-10-26_Gap,stg[2]",bruno,stg,"Gap43-mCherry,stg[2]/TM3,Kr-GFP","Gap,stg[2]_dorsal_1_z3_t60_E2",dorsal,0.1426848,0.1426848,3.0000000,20,60,180,heterozygote
"2021-10-26_Gap,stg[2]",bruno,stg,"Gap43-mCherry,stg[2]/TM3,Kr-GFP","Gap,stg[2]_dorsal_1_z3_t60_E3",dorsal,0.1426848,0.1426848,3.0000000,20,60,180,heterozygote
"2021-10-26_Gap,stg[2]",bruno,stg,"Gap43-mCherry,stg[2]/TM3,Kr-GFP","Gap,stg[2]_dorsal_1_z3_t60_E4",dorsal,0.1426848,0.1426848,3.0000000,20,60,180,homozygote
"2021-10-26_Gap,stg[2]",bruno,stg,"Gap43-mCherry,stg[2]/TM3,Kr-GFP","Gap,stg[2]_dorsal_1_z3_t60_E5",dorsal,0.1426848,0.1426848,3.0000000,20,60,180,heterozygote
"2021-10-26_Gap,stg[2]",bruno,stg,"Gap43-mCherry,stg[2]/TM3,Kr-GFP","Gap,stg[2]_dorsal_1_z3_t60_E6",dorsal,0.1426848,0.1426848,3.0000000,20,60,180,homozygote
"2021-10-26_Gap,stg[2]",bruno,stg,"Gap43-mCherry,stg[2]/TM3,Kr-GFP","Gap,stg[2]_dorsal_1_z3_t60_E7",dorsal,0.1426848,0.1426848,3.0000000,20,60,180,heterozygote
"2021-10-26_Gap,stg[2]",bruno,stg,"Gap43-mCherry,stg[2]/TM3,Kr-GFP","Gap,stg[2]_dorsal_1_z3_t60_E8",dorsal,0.1426848,0.1426848,3.0000000,20,60,180,heterozygote
"2021-10-26_Gap,stg[2]",bruno,stg,"Gap43-mCherry,stg[2]/TM3,Kr-GFP","Gap,stg[2]_dorsal_1_z3_t60_E9",dorsal,0.1426848,0.1426848,3.0000000,20,60,180,heterozygote
"2021-10-26_Gap,stg[2]",bruno,stg,"Gap43-mCherry,stg[2]/TM3,Kr-GFP","Gap,stg[2]_dorsal_1_z3_t60_E10",dorsal,0.1426848,0.1426848,3.0000000,20,60,180,homozygote
"2021-10-26_Gap,stg[2]",bruno,stg,"Gap43-mCherry,stg[2]/TM3,Kr-GFP","Gap,stg[2]_dorsal_1_z3_t60_E11",dorsal,0.1426848,0.1426848,3.0000000,20,60,180,heterozygote
"2021-10-26_Gap,stg[2]",bruno,stg,"Gap43-mCherry,stg[2]/TM3,Kr-GFP","Gap,stg[2]_dorsal_1_z3_t60_E12",dorsal,0.1426848,0.1426848,3.0000000,20,60,180,heterozygote
"2021-10-26_Gap,stg[2]",bruno,stg,"Gap43-mCherry,stg[2]/TM3,Kr-GFP","Gap,stg[2]_dorsal_1_z3_t60_E13",dorsal,0.1426848,0.1426848,3.0000000,20,60,180,heterozygote
"2021-10-26_Gap,stg[2]",bruno,stg,"Gap43-mCherry,stg[2]/TM3,Kr-GFP","Gap,stg[2]_dorsal_1_z3_t60_E14",dorsal,0.1426848,0.1426848,3.0000000,20,60,180,homozygote
"2021-10-26_Gap,stg[2]",bruno,stg,"Gap43-mCherry,stg[2]/TM3,Kr-GFP","Gap,stg[2]_dorsal_1_z3_t60_E15",dorsal,0.1426848,0.1426848,3.0000000,20,60,180,heterozygote
"2021-10-26_Gap,stg[2]",bruno,stg,"Gap43-mCherry,stg[2]/TM3,Kr-GFP","Gap,stg[2]_dorsal_1_z3_t60_E16",dorsal,0.1426848,0.1426848,3.0000000,20,60,180,heterozygote
"2021-10-26_Gap,stg[2]",bruno,stg,"Gap43-mCherry,stg[2]/TM3,Kr-GFP","Gap,stg[2]_dorsal_1_z3_t60_E17",dorsal,0.1426848,0.1426848,3.0000000,20,60,180,homozygote
2021-12-29_btd-gap-stg,bruno,btd-stg,"btd[XA]/FM7c,Kr-GFP;;Gap43-mCherry,stg[2]/Gap43-mCherry",btd-gap-stg_1_z3_t45s_E3,lateral,0.2853696,0.2853696,3.0000000,,45,260,btd homozygote
2021-12-29_btd-gap-stg,bruno,btd-stg,"btd[XA]/FM7c,Kr-GFP;;Gap43-mCherry,stg[2]/Gap43-mCherry",btd-gap-stg_1_z3_t45s_E8,lateral,0.2853696,0.2853696,3.0000000,,45,260,double heterozygote
2021-12-29_btd-gap-stg,bruno,btd-stg,"btd[XA]/FM7c,Kr-GFP;;Gap43-mCherry,stg[2]/Gap43-mCherry",btd-gap-stg_1_z3_t45s_E9,lateral,0.2853696,0.2853696,3.0000000,,45,260,double homozygote
2021-12-29_btd-gap-stg,bruno,btd-stg,"btd[XA]/FM7c,Kr-GFP;;Gap43-mCherry,stg[2]/Gap43-mCherry",btd-gap-stg_1_z3_t45s_E12,lateral,0.2853696,0.2853696,3.0000000,,45,260,btd homozygote
2022-01-12_btd-gap-stg,bruno,btd-stg,"btd[XA]/FM7c,Kr-GFP;;Gap43-mCherry,stg[2]/Gap43-mCherry",btd-gap-stg_3_z3_t53s_E2,lateral,0.2853696,0.2853696,3.0000000,,53,203,btd homozygote
2022-01-12_btd-gap-stg,bruno,btd-stg,"btd[XA]/FM7c,Kr-GFP;;Gap43-mCherry,stg[2]/Gap43-mCherry",btd-gap-stg_3_z3_t53s_E3,lateral,0.2853696,0.2853696,3.0000000,,53,203,double heterozygote
2022-01-12_btd-gap-stg,bruno,btd-stg,"btd[XA]/FM7c,Kr-GFP;;Gap43-mCherry,stg[2]/Gap43-mCherry",btd-gap-stg_3_z3_t53s_E11,lateral,0.2853696,0.2853696,3.0000000,,53,203,btd homozygote
2022-01-12_btd-gap-stg,bruno,btd-stg,"btd[XA]/FM7c,Kr-GFP;;Gap43-mCherry,stg[2]/Gap43-mCherry",btd-gap-stg_3_z3_t53s_E12,lateral,0.2853696,0.2853696,3.0000000,,53,203,double heterozygote
2022-01-12_btd-gap-stg,bruno,btd-stg,"btd[XA]/FM7c,Kr-GFP;;Gap43-mCherry,stg[2]/Gap43-mCherry",btd-gap-stg_3_z3_t53s_E13,lateral,0.2853696,0.2853696,3.0000000,,53,203,double heterozygote
2022-01-12_btd-gap-stg,bruno,btd-stg,"btd[XA]/FM7c,Kr-GFP;;Gap43-mCherry,stg[2]/Gap43-mCherry",btd-gap-stg_3_z3_t53s_E14,lateral,0.2853696,0.2853696,3.0000000,,53,203,double heterozygote
2022-01-13_btd-gap-stg,bruno,btd-stg,"btd[XA]/FM7c,Kr-GFP;;Gap43-mCherry,stg[2]/Gap43-mCherry",btd-gap-stg_4_z3_t59s_E1,lateral,0.2853696,0.2853696,3.0000000,,59,172,double heterozygote
2022-01-13_btd-gap-stg,bruno,btd-stg,"btd[XA]/FM7c,Kr-GFP;;Gap43-mCherry,stg[2]/Gap43-mCherry",btd-gap-stg_4_z3_t59s_E3,lateral,0.2853696,0.2853696,3.0000000,,59,172,double heterozygote
2022-01-13_btd-gap-stg,bruno,btd-stg,"btd[XA]/FM7c,Kr-GFP;;Gap43-mCherry,stg[2]/Gap43-mCherry",btd-gap-stg_4_z3_t59s_E4,lateral,0.2853696,0.2853696,3.0000000,,59,172,double heterozygote
2022-01-13_btd-gap-stg,bruno,btd-stg,"btd[XA]/FM7c,Kr-GFP;;Gap43-mCherry,stg[2]/Gap43-mCherry",btd-gap-stg_4_z3_t59s_E6,lateral,0.2853696,0.2853696,3.0000000,,59,172,double heterozygote
2022-01-13_btd-gap-stg,bruno,btd-stg,"btd[XA]/FM7c,Kr-GFP;;Gap43-mCherry,stg[2]/Gap43-mCherry",btd-gap-stg_4_z3_t59s_E7,lateral,0.2853696,0.2853696,3.0000000,,59,172,btd homozygote
2022-01-13_btd-gap-stg,bruno,btd-stg,"btd[XA]/FM7c,Kr-GFP;;Gap43-mCherry,stg[2]/Gap43-mCherry",btd-gap-stg_4_z3_t59s_E8,lateral,0.2853696,0.2853696,3.0000000,,59,172,btd homozygote
2022-01-13_btd-gap-stg,bruno,btd-stg,"btd[XA]/FM7c,Kr-GFP;;Gap43-mCherry,stg[2]/Gap43-mCherry",btd-gap-stg_4_z3_t59s_E10,lateral,0.2853696,0.2853696,3.0000000,,59,172,btd homozygote
2022-01-13_btd-gap-stg,bruno,btd-stg,"btd[XA]/FM7c,Kr-GFP;;Gap43-mCherry,stg[2]/Gap43-mCherry",btd-gap-stg_4_z3_t59s_E11,lateral,0.2853696,0.2853696,3.0000000,,59,172,double heterozygote
2022-01-13_btd-gap-stg,bruno,btd-stg,"btd[XA]/FM7c,Kr-GFP;;Gap43-mCherry,stg[2]/Gap43-mCherry",btd-gap-stg_4_z3_t59s_E13,lateral,0.2853696,0.2853696,3.0000000,,59,172,double heterozygote
2022-01-13_btd-gap-stg,bruno,btd-stg,"btd[XA]/FM7c,Kr-GFP;;Gap43-mCherry,stg[2]/Gap43-mCherry",btd-gap-stg_4_z3_t59s_E14,lateral,0.2853696,0.2853696,3.0000000,,59,172,double heterozygote
2022-01-13_btd-gap-stg,bruno,btd-stg,"btd[XA]/FM7c,Kr-GFP;;Gap43-mCherry,stg[2]/Gap43-mCherry",btd-gap-stg_4_z3_t59s_E16,lateral,0.2853696,0.2853696,3.0000000,,59,172,double heterozygote
2022-01-18_btd-gap-stg,bruno,btd-stg,"btd[XA]/FM7c,Kr-GFP;;Gap43-mCherry,stg[2]/Gap43-mCherry",btd-gap-stg_7_z3_60s_E1,lateral,0.2853696,0.2853696,3.0000000,,60,109,double homozygote
2022-01-18_btd-gap-stg,bruno,btd-stg,"btd[XA]/FM7c,Kr-GFP;;Gap43-mCherry,stg[2]/Gap43-mCherry",btd-gap-stg_7_z3_60s_E2,lateral,0.2853696,0.2853696,3.0000000,,60,109,double heterozygote
2022-01-18_btd-gap-stg,bruno,btd-stg,"btd[XA]/FM7c,Kr-GFP;;Gap43-mCherry,stg[2]/Gap43-mCherry",btd-gap-stg_7_z3_60s_E3,lateral,0.2853696,0.2853696,3.0000000,,60,109,double homozygote
2022-01-18_btd-gap-stg,bruno,btd-stg,"btd[XA]/FM7c,Kr-GFP;;Gap43-mCherry,stg[2]/Gap43-mCherry",btd-gap-stg_7_z3_60s_E5,lateral,0.2853696,0.2853696,3.0000000,,60,109,double heterozygote
2022-01-18_btd-gap-stg,bruno,btd-stg,"btd[XA]/FM7c,Kr-GFP;;Gap43-mCherry,stg[2]/Gap43-mCherry",btd-gap-stg_7_z3_60s_E6,lateral,0.2853696,0.2853696,3.0000000,,60,109,btd homozygote
2022-01-18_btd-gap-stg,bruno,btd-stg,"btd[XA]/FM7c,Kr-GFP;;Gap43-mCherry,stg[2]/Gap43-mCherry",btd-gap-stg_7_z3_60s_E16,lateral,0.2853696,0.2853696,3.0000000,,60,109,btd homozygote
2022-01-18_btd-gap-stg,bruno,btd-stg,"btd[XA]/FM7c,Kr-GFP;;Gap43-mCherry,stg[2]/Gap43-mCherry",btd-gap-stg_7_z3_60s_E17,lateral,0.2853696,0.2853696,3.0000000,,60,109,double heterozygote
2022-01-18_btd-gap-stg,bruno,btd-stg,"btd[XA]/FM7c,Kr-GFP;;Gap43-mCherry,stg[2]/Gap43-mCherry",btd-gap-stg_7_z3_60s_E18,lateral,0.2853696,0.2853696,3.0000000,,60,109,btd homozygote
2022-01-18_btd-gap-stg,bruno,btd-stg,"btd[XA]/FM7c,Kr-GFP;;Gap43-mCherry,stg[2]/Gap43-mCherry",btd-gap-stg_7_z3_60s_E19,lateral,0.2853696,0.2853696,3.0000000,,60,109,double heterozygote
2022-01-18_btd-gap-stg,bruno,btd-stg,"btd[XA]/FM7c,Kr-GFP;;Gap43-mCherry,stg[2]/Gap43-mCherry",btd-gap-stg_7_z3_60s_E20,lateral,0.2853696,0.2853696,3.0000000,,60,109,btd homozygote
2022-01-27_btd-gap-stg_dorsal,bruno,btd-stg,"btd[XA]/FM7c,Kr-GFP;;Gap43-mCherry,stg[2]/Gap43-mCherry",btd-gap-stg_dorsal_1_z3_t50s_E1,dorsal,0.1426848,0.1426848,3.0000000,30,50,181,double homozygote
2022-01-27_btd-gap-stg_dorsal,bruno,btd-stg,"btd[XA]/FM7c,Kr-GFP;;Gap43-mCherry,stg[2]/Gap43-mCherry",btd-gap-stg_dorsal_1_z3_t50s_E7,dorsal,0.1426848,0.1426848,3.0000000,30,50,181,double homozygote
2022-01-31_btd-gap-stg,bruno,btd-stg,"btd[XA]/FM7c,Kr-GFP;;Gap43-mCherry,stg[2]/Gap43-mCherry",btd-gap-stg_8_z3_45s_E3,lateral,0.2853696,0.2853696,3.0000000,,45,170,btd homozygote
2022-01-31_btd-gap-stg,bruno,btd-stg,"btd[XA]/FM7c,Kr-GFP;;Gap43-mCherry,stg[2]/Gap43-mCherry",btd-gap-stg_8_z3_45s_E8,lateral,0.2853696,0.2853696,3.0000000,,45,170,stg homozygote
2022-02-21_rgap,bruno,wt,RGap43-mCherry,rgap_1b_z3_t60s_E1,lateral,0.2858705,0.2858705,3.0000000,,60,142,wildtype
2022-02-21_rgap,bruno,wt,RGap43-mCherry,rgap_1b_z3_t60s_E2,lateral,0.2858705,0.2858705,3.0000000,,60,142,wildtype
2022-02-21_rgap,bruno,wt,RGap43-mCherry,rgap_1b_z3_t60s_E3,lateral,0.2858705,0.2858705,3.0000000,,60,142,wildtype
2022-02-21_rgap,bruno,wt,RGap43-mCherry,rgap_1b_z3_t60s_E4,lateral,0.2858705,0.2858705,3.0000000,,60,142,wildtype
2022-02-21_rgap,bruno,wt,RGap43-mCherry,rgap_1b_z3_t60s_E5,lateral,0.2858705,0.2858705,3.0000000,,60,142,wildtype
2022-02-21_rgap,bruno,wt,RGap43-mCherry,rgap_1b_z3_t60s_E6,lateral,0.2858705,0.2858705,3.0000000,,60,142,wildtype
2022-02-21_rgap,bruno,wt,RGap43-mCherry,rgap_1b_z3_t60s_E7,lateral,0.2858705,0.2858705,3.0000000,,60,142,wildtype
2022-02-21_rgap,bruno,wt,RGap43-mCherry,rgap_1b_z3_t60s_E8,lateral,0.2858705,0.2858705,3.0000000,,60,142,wildtype
2022-02-21_rgap,bruno,wt,RGap43-mCherry,rgap_1b_z3_t60s_E9,lateral,0.2858705,0.2858705,3.0000000,,60,142,wildtype
2022-02-21_rgap,bruno,wt,RGap43-mCherry,rgap_1b_z3_t60s_E11,lateral,0.2858705,0.2858705,3.0000000,,60,142,wildtype
2022-02-21_rgap,bruno,wt,RGap43-mCherry,rgap_1b_z3_t60s_E12,lateral,0.2858705,0.2858705,3.0000000,,60,142,wildtype
2022-02-21_rgap,bruno,wt,RGap43-mCherry,rgap_1b_z3_t60s_E13,lateral,0.2858705,0.2858705,3.0000000,,60,142,wildtype
2022-02-21_rgap,bruno,wt,RGap43-mCherry,rgap_1b_z3_t60s_E14,lateral,0.2858705,0.2858705,3.0000000,,60,142,wildtype
2022-02-21_rgap,bruno,wt,RGap43-mCherry,rgap_1b_z3_t60s_E15,lateral,0.2858705,0.2858705,3.0000000,,60,142,wildtype
2022-02-21_rgap,bruno,wt,RGap43-mCherry,rgap_1b_z3_t60s_E16,lateral,0.2858705,0.2858705,3.0000000,,60,142,wildtype
2022-02-21_rgap,bruno,wt,RGap43-mCherry,rgap_1b_z3_t60s_E17,lateral,0.2858705,0.2858705,3.0000000,,60,142,wildtype
2022-02-22_rgap_dorsal,bruno,wt,RGap43-mCherry,rgap_dorsal_1_z3_t60s_E4,dorsal,0.1429353,0.1429353,3.0000000,20,60,97,wildtype
2022-02-22_rgap_dorsal,bruno,wt,RGap43-mCherry,rgap_dorsal_1_z3_t60s_E5,dorsal,0.1429353,0.1429353,3.0000000,20,60,97,wildtype
2022-02-22_rgap_dorsal,bruno,wt,RGap43-mCherry,rgap_dorsal_1_z3_t60s_E6,dorsal,0.1429353,0.1429353,3.0000000,20,60,97,wildtype
2022-02-22_rgap_dorsal,bruno,wt,RGap43-mCherry,rgap_dorsal_1_z3_t60s_E7,dorsal,0.1429353,0.1429353,3.0000000,20,60,97,wildtype
2022-02-22_rgap_dorsal,bruno,wt,RGap43-mCherry,rgap_dorsal_1_z3_t60s_E8,dorsal,0.1429353,0.1429353,3.0000000,20,60,97,wildtype
2022-02-22_rgap_dorsal,bruno,wt,RGap43-mCherry,rgap_dorsal_1_z3_t60s_E9,dorsal,0.1429353,0.1429353,3.0000000,20,60,97,wildtype
2022-02-22_rgap_dorsal,bruno,wt,RGap43-mCherry,rgap_dorsal_1_z3_t60s_E10,dorsal,0.1429353,0.1429353,3.0000000,20,60,97,wildtype
2022-02-22_rgap_dorsal,bruno,wt,RGap43-mCherry,rgap_dorsal_1_z3_t60s_E11,dorsal,0.1429353,0.1429353,3.0000000,20,60,97,wildtype
2022-02-22_rgap_dorsal,bruno,wt,RGap43-mCherry,rgap_dorsal_1_z3_t60s_E12,dorsal,0.1429353,0.1429353,3.0000000,20,60,97,wildtype
2022-02-22_rgap_dorsal,bruno,wt,RGap43-mCherry,rgap_dorsal_1_z3_t60s_E13,dorsal,0.1429353,0.1429353,3.0000000,20,60,97,wildtype
2022-02-22_rgap_dorsal,bruno,wt,RGap43-mCherry,rgap_dorsal_1_z3_t60s_E14,dorsal,0.1429353,0.1429353,3.0000000,20,60,97,wildtype
2022-02-22_rgap_dorsal,bruno,wt,RGap43-mCherry,rgap_dorsal_1_z3_t60s_E15,dorsal,0.1429353,0.1429353,3.0000000,20,60,97,wildtype
2022-02-22_rgap_dorsal,bruno,wt,RGap43-mCherry,rgap_dorsal_1_z3_t60s_E16,dorsal,0.1429353,0.1429353,3.0000000,20,60,97,wildtype
2022-02-22_rgap_dorsal,bruno,wt,RGap43-mCherry,rgap_dorsal_1_z3_t60s_E17,dorsal,0.1429353,0.1429353,3.0000000,20,60,97,wildtype
2022-02-22_rgap_dorsal,bruno,wt,RGap43-mCherry,rgap_dorsal_1_z3_t60s_E18,dorsal,0.1429353,0.1429353,3.0000000,20,60,97,wildtype
2022-02-22_rgap_dorsal,bruno,wt,RGap43-mCherry,rgap_dorsal_1_z3_t60s_E19,dorsal,0.1429353,0.1429353,3.0000000,20,60,97,wildtype
2022-02-22_rgap_dorsal,bruno,wt,RGap43-mCherry,rgap_dorsal_1_z3_t60s_E20,dorsal,0.1429353,0.1429353,3.0000000,20,60,97,wildtype
2022-02-22_rgap_dorsal,bruno,wt,RGap43-mCherry,rgap_dorsal_1_z3_t60s_E21,dorsal,0.1429353,0.1429353,3.0000000,20,60,97,wildtype
2022-02-22_rgap_dorsal,bruno,wt,RGap43-mCherry,rgap_dorsal_1_z3_t60s_E22,dorsal,0.1429353,0.1429353,3.0000000,20,60,97,wildtype
2022-02-22_rgap_dorsal,bruno,wt,RGap43-mCherry,rgap_dorsal_1_z3_t60s_E23,dorsal,0.1429353,0.1429353,3.0000000,20,60,97,wildtype
2021-02-16_btd_caut_conf,marina,btd,"btd[XA]/FM7c,Kr-GFP;;Gap43-mCherry/MKRS",btd_dorsal_cauterized_heterozygous_2021-02-16_E3_equator.tif,dorsal,,,,,,,heterozygote
2021-02-16_btd_caut_conf,marina,btd,"btd[XA]/FM7c,Kr-GFP;;Gap43-mCherry/MKRS",btd_dorsal_cauterized_heterozygous_2021-02-16_E3_surface.tif,dorsal,,,,,,,heterozygote
2021-03-03_btd_caut_conf,marina,btd,"btd[XA]/FM7c,Kr-GFP;;Gap43-mCherry/MKRS",btd_dorsal_cauterized_heterozygous_2021-03-03_E5_equator.tif,dorsal,,,,,,,heterozygote
2021-03-03_btd_caut_conf,marina,btd,"btd[XA]/FM7c,Kr-GFP;;Gap43-mCherry/MKRS",btd_dorsal_cauterized_heterozygous_2021-03-03_E5_surface.tif,dorsal,,,,,,,heterozygote
2021-03-04_btd_caut_conf,marina,btd,"btd[XA]/FM7c,Kr-GFP;;Gap43-mCherry/MKRS",btd_dorsal_cauterized_heterozygous_2021-03-04_E3_equator.tif,dorsal,,,,,,,heterozygote
2021-03-04_btd_caut_conf,marina,btd,"btd[XA]/FM7c,Kr-GFP;;Gap43-mCherry/MKRS",btd_dorsal_cauterized_heterozygous_2021-03-04_E3_surface.tif,dorsal,,,,,,,heterozygote
2021-02-16_btd_caut_conf,marina,btd,"btd[XA]/FM7c,Kr-GFP;;Gap43-mCherry/MKRS",btd_dorsal_cauterized_homozygous_2021-02-16_E2_equator.tif,dorsal,,,,,,,homozygote
2021-02-16_btd_caut_conf,marina,btd,"btd[XA]/FM7c,Kr-GFP;;Gap43-mCherry/MKRS",btd_dorsal_cauterized_homozygous_2021-02-16_E2_surface.tif,dorsal,,,,,,,homozygote
2021-02-18_btd_caut_conf,marina,btd,"btd[XA]/FM7c,Kr-GFP;;Gap43-mCherry/MKRS",btd_dorsal_cauterized_homozygous_2021-02-18_E4_equator.tif,dorsal,,,,,,,homozygote
2021-02-18_btd_caut_conf,marina,btd,"btd[XA]/FM7c,Kr-GFP;;Gap43-mCherry/MKRS",btd_dorsal_cauterized_homozygous_2021-02-18_E4_surface.tif,dorsal,,,,,,,homozygote
2021-03-03_btd_caut_conf,marina,btd,"btd[XA]/FM7c,Kr-GFP;;Gap43-mCherry/MKRS",btd_dorsal_cauterized_homozygous_2021-03-03_E2_equator.tif,dorsal,,,,,,,homozygote
2021-03-03_btd_caut_conf,marina,btd,"btd[XA]/FM7c,Kr-GFP;;Gap43-mCherry/MKRS",btd_dorsal_cauterized_homozygous_2021-03-03_E2_surface.tif,dorsal,,,,,,,homozygote
2021-03-04_btd_caut_conf,marina,btd,"btd[XA]/FM7c,Kr-GFP;;Gap43-mCherry/MKRS",btd_dorsal_cauterized_homozygous_2021-03-04_E1_equator.tif,dorsal,,,,,,,homozygote
2021-03-04_btd_caut_conf,marina,btd,"btd[XA]/FM7c,Kr-GFP;;Gap43-mCherry/MKRS",btd_dorsal_cauterized_homozygous_2021-03-04_E1_surface.tif,dorsal,,,,,,,homozygote
2021-04-22_btd_caut_conf,marina,btd,"btd[XA]/FM7c,Kr-GFP;;Gap43-mCherry/MKRS",btd_dorsal_control_heterozygous_2021-04-22_E3_equator.tif,dorsal,,,,,,,heterozygote
2021-04-22_btd_caut_conf,marina,btd,"btd[XA]/FM7c,Kr-GFP;;Gap43-mCherry/MKRS",btd_dorsal_control_heterozygous_2021-04-22_E3_surface.tif,dorsal,,,,,,,heterozygote
2021-02-15_btd_caut_conf,marina,btd,"btd[XA]/FM7c,Kr-GFP;;Gap43-mCherry/MKRS",btd_dorsal_control_homozygous_2021-02-15_E5_equator.tif,dorsal,,,,,,,homozygote
2021-02-15_btd_caut_conf,marina,btd,"btd[XA]/FM7c,Kr-GFP;;Gap43-mCherry/MKRS",btd_dorsal_control_homozygous_2021-02-15_E5_surface.tif,dorsal,,,,,,,homozygote
2021-04-22_btd_caut_conf,marina,btd,"btd[XA]/FM7c,Kr-GFP;;Gap43-mCherry/MKRS",btd_dorsal_control_homozygous_2021-04-22_E2_equator.tif,dorsal,,,,,,,homozygote
2021-04-22_btd_caut_conf,marina,btd,"btd[XA]/FM7c,Kr-GFP;;Gap43-mCherry/MKRS",btd_dorsal_control_homozygous_2021-04-22_E2_surface.tif,dorsal,,,,,,,homozygote
2021-02-22_eve_caut_conf,marina,eve,"eve[3]/CyO,twi-GFP;Gap43-mCherry/MKRS",eve_dorsal_cauterized_homozygous_2021-02-22_E1_equator.tif,dorsal,,,,,,,homozygote
2021-02-22_eve_caut_conf,marina,eve,"eve[3]/CyO,twi-GFP;Gap43-mCherry/MKRS",eve_dorsal_cauterized_homozygous_2021-02-22_E1_surface.tif,dorsal,,,,,,,homozygote
2021-02-22_eve_caut_conf,marina,eve,"eve[3]/CyO,twi-GFP;Gap43-mCherry/MKRS",eve_dorsal_cauterized_homozygous_2021-02-22_E4_equator.tif,dorsal,,,,,,,homozygote
2021-02-22_eve_caut_conf,marina,eve,"eve[3]/CyO,twi-GFP;Gap43-mCherry/MKRS",eve_dorsal_cauterized_homozygous_2021-02-22_E4_surface.tif,dorsal,,,,,,,homozygote
2021-02-26_eve_caut_conf,marina,eve,"eve[3]/CyO,twi-GFP;Gap43-mCherry/MKRS",eve_dorsal_cauterized_homozygous_2021-02-26_E4_equator.tif,dorsal,,,,,,,homozygote
2021-02-26_eve_caut_conf,marina,eve,"eve[3]/CyO,twi-GFP;Gap43-mCherry/MKRS",eve_dorsal_cauterized_homozygous_2021-02-26_E5_equator.tif,dorsal,,,,,,,homozygote
2021-02-25_eve_caut_conf,marina,eve,"eve[3]/CyO,twi-GFP;Gap43-mCherry/MKRS",eve_dorsal_control_heterozygous_2021-02-25_E4_equator.tif,dorsal,,,,,,,heterozygote
2021-02-25_eve_caut_conf,marina,eve,"eve[3]/CyO,twi-GFP;Gap43-mCherry/MKRS",eve_dorsal_control_heterozygous_2021-02-25_E4_surface.tif,dorsal,,,,,,,heterozygote
2021-04-23_eve_caut_conf,marina,eve,"eve[3]/CyO,twi-GFP;Gap43-mCherry/MKRS",eve_dorsal_control_heterozygous_2021-04-23_E3_equator.tif,dorsal,,,,,,,heterozygote
2021-04-23_eve_caut_conf,marina,eve,"eve[3]/CyO,twi-GFP;Gap43-mCherry/MKRS",eve_dorsal_control_heterozygous_2021-04-23_E3_surface.tif,dorsal,,,,,,,heterozygote
2021-04-23_eve_caut_conf,marina,eve,"eve[3]/CyO,twi-GFP;Gap43-mCherry/MKRS",eve_dorsal_control_heterozygous_2021-04-23_E4_equator.tif,dorsal,,,,,,,heterozygote
2021-04-23_eve_caut_conf,marina,eve,"eve[3]/CyO,twi-GFP;Gap43-mCherry/MKRS",eve_dorsal_control_heterozygous_2021-04-23_E4_surface.tif,dorsal,,,,,,,heterozygote
2021-02-25_eve_caut_conf,marina,eve,"eve[3]/CyO,twi-GFP;Gap43-mCherry/MKRS",eve_dorsal_control_homozygous_2021-02-25_E2_equator.tif,dorsal,,,,,,,homozygote
2021-02-25_eve_caut_conf,marina,eve,"eve[3]/CyO,twi-GFP;Gap43-mCherry/MKRS",eve_dorsal_control_homozygous_2021-02-25_E2_surface.tif,dorsal,,,,,,,homozygote
2021-04-23_eve_caut_conf,marina,eve,"eve[3]/CyO,twi-GFP;Gap43-mCherry/MKRS",eve_dorsal_control_homozygous_2021-04-23_E5_equator.tif,dorsal,,,,,,,homozygote
2021-04-23_eve_caut_conf,marina,eve,"eve[3]/CyO,twi-GFP;Gap43-mCherry/MKRS",eve_dorsal_control_homozygous_2021-04-23_E5_surface.tif,dorsal,,,,,,,homozygote
2021-04-23_eve_caut_conf,marina,eve,"eve[3]/CyO,twi-GFP;Gap43-mCherry/MKRS",eve_dorsal_control_homozygous_2021-04-23_E6_equator.tif,dorsal,,,,,,,homozygote
2021-04-23_eve_caut_conf,marina,eve,"eve[3]/CyO,twi-GFP;Gap43-mCherry/MKRS",eve_dorsal_control_homozygous_2021-04-23_E6_surface.tif,dorsal,,,,,,,homozygote
2021-03-24_wt_caut_conf,marina,wt,Gap43-mCherry/TM3,wt_dorsal_cauterized_2021-03-24_E5_equator.tif,dorsal,,,,,,,wildtype
2021-03-24_wt_caut_conf,marina,wt,Gap43-mCherry/TM3,wt_dorsal_cauterized_2021-03-24_E5_surface.tif,dorsal,,,,,,,wildtype
2021-03-25_wt_caut_conf,marina,wt,Gap43-mCherry/TM3,wt_dorsal_cauterized_2021-03-25_E1_equator.tif,dorsal,,,,,,,wildtype
2021-03-25_wt_caut_conf,marina,wt,Gap43-mCherry/TM3,wt_dorsal_cauterized_2021-03-25_E1_surface.tif,dorsal,,,,,,,wildtype
2021-03-27_wt_caut_conf,marina,wt,Gap43-mCherry/TM3,wt_dorsal_cauterized_2021-03-27_E3_equator.tif,dorsal,,,,,,,wildtype
2021-03-27_wt_caut_conf,marina,wt,Gap43-mCherry/TM3,wt_dorsal_cauterized_2021-03-27_E3_surface.tif,dorsal,,,,,,,wildtype
2021-03-10_wt_caut_conf,marina,wt,Gap43-mCherry/TM3,wt_dorsal_control_2021-03-10_E1_equator.tif,dorsal,,,,,,,wildtype
2021-03-10_wt_caut_conf,marina,wt,Gap43-mCherry/TM3,wt_dorsal_control_2021-03-10_E1_surface.tif,dorsal,,,,,,,wildtype
2021-03-10_wt_caut_conf,marina,wt,Gap43-mCherry/TM3,wt_dorsal_control_2021-03-10_E2_equator.tif,dorsal,,,,,,,wildtype
2021-03-10_wt_caut_conf,marina,wt,Gap43-mCherry/TM3,wt_dorsal_control_2021-03-10_E2_surface.tif,dorsal,,,,,,,wildtype
2021-03-25_wt_caut_conf,marina,wt,Gap43-mCherry/TM3,wt_dorsal_control_2021-03-25_E5_equator.tif,dorsal,,,,,,,wildtype
2021-03-25_wt_caut_conf,marina,wt,Gap43-mCherry/TM3,wt_dorsal_control_2021-03-25_E5_surface.tif,dorsal,,,,,,,wildtype
2021-03-09_wt_caut_conf,marina,wt,Gap43-mCherry/TM3,wt_lateral_cauterized_2021-03-09_E2.tif,lateral,,,,,,,wildtype
2021-03-11_wt_caut_conf,marina,wt,Gap43-mCherry/TM3,wt_lateral_cauterized_2021-03-11_E2.tif,lateral,,,,,,,wildtype
2021-03-11_wt_caut_conf,marina,wt,Gap43-mCherry/TM3,wt_lateral_cauterized_2021-03-11_E3.tif,lateral,,,,,,,wildtype
2021-03-27_wt_caut_conf,marina,wt,Gap43-mCherry/TM3,wt_lateral_cauterized_2021-03-27_E1.tif,lateral,,,,,,,wildtype
2021-03-31_wt_caut_conf,marina,wt,Gap43-mCherry/TM3,wt_lateral_cauterized_2021-03-31_E1.tif,lateral,,,,,,,wildtype
2021-03-31_wt_caut_conf,marina,wt,Gap43-mCherry/TM3,wt_lateral_cauterized_2021-03-31_E2.tif,lateral,,,,,,,wildtype
2021-03-31_wt_caut_conf,marina,wt,Gap43-mCherry/TM3,wt_lateral_cauterized_2021-03-31_E4.tif,lateral,,,,,,,wildtype
