"file","date","position","frame","group","landmark","x","y"
"CROP_2024-07-25_L2_RGap_H200_10pct_oxygen_t3min_evil_twins_pluck_1_2_Pos1_RGB.tif","2024-07-25",1,1,"body_landmarks","subject_anterior",300,68
"CROP_2024-07-25_L2_RGap_H200_10pct_oxygen_t3min_evil_twins_pluck_1_2_Pos1_RGB.tif","2024-07-25",1,1,"body_landmarks","subject_posterior",337,564
"CROP_2024-07-25_L2_RGap_H200_10pct_oxygen_t3min_evil_twins_pluck_1_2_Pos1_RGB.tif","2024-07-25",1,1,"body_landmarks","subject_left",231,359
"CROP_2024-07-25_L2_RGap_H200_10pct_oxygen_t3min_evil_twins_pluck_1_2_Pos1_RGB.tif","2024-07-25",1,1,"body_landmarks","subject_right",411,342
"CROP_2024-07-25_L2_RGap_H200_10pct_oxygen_t3min_evil_twins_pluck_1_2_Pos2_RGB.tif","2024-07-25",2,1,"body_landmarks","subject_anterior",322,81
"CROP_2024-07-25_L2_RGap_H200_10pct_oxygen_t3min_evil_twins_pluck_1_2_Pos2_RGB.tif","2024-07-25",2,1,"body_landmarks","subject_posterior",286,578
"CROP_2024-07-25_L2_RGap_H200_10pct_oxygen_t3min_evil_twins_pluck_1_2_Pos2_RGB.tif","2024-07-25",2,1,"body_landmarks","subject_left",220,321
"CROP_2024-07-25_L2_RGap_H200_10pct_oxygen_t3min_evil_twins_pluck_1_2_Pos2_RGB.tif","2024-07-25",2,1,"body_landmarks","subject_right",405,332
"CROP_2024-07-25_L2_RGap_H200_10pct_oxygen_t3min_evil_twins_pluck_1_2_Pos3_RGB.tif","2024-07-25",3,1,"body_landmarks","subject_anterior",318,73
"CROP_2024-07-25_L2_RGap_H200_10pct_oxygen_t3min_evil_twins_pluck_1_2_Pos3_RGB.tif","2024-07-25",3,1,"body_landmarks","subject_posterior",334,574
"CROP_2024-07-25_L2_RGap_H200_10pct_oxygen_t3min_evil_twins_pluck_1_2_Pos3_RGB.tif","2024-07-25",3,1,"body_landmarks","subject_left",235,333
"CROP_2024-07-25_L2_RGap_H200_10pct_oxygen_t3min_evil_twins_pluck_1_2_Pos3_RGB.tif","2024-07-25",3,1,"body_landmarks","subject_right",418,316
"CROP_2024-07-25_L2_RGap_H200_10pct_oxygen_t3min_evil_twins_pluck_1_2_Pos4_RGB.tif","2024-07-25",4,1,"body_landmarks","subject_anterior",319,85
"CROP_2024-07-25_L2_RGap_H200_10pct_oxygen_t3min_evil_twins_pluck_1_2_Pos4_RGB.tif","2024-07-25",4,1,"body_landmarks","subject_posterior",328,569
"CROP_2024-07-25_L2_RGap_H200_10pct_oxygen_t3min_evil_twins_pluck_1_2_Pos4_RGB.tif","2024-07-25",4,1,"body_landmarks","subject_left",233,309
"CROP_2024-07-25_L2_RGap_H200_10pct_oxygen_t3min_evil_twins_pluck_1_2_Pos4_RGB.tif","2024-07-25",4,1,"body_landmarks","subject_right",414,302
"CROP_2024-07-25_L2_RGap_H200_10pct_oxygen_t3min_evil_twins_pluck_1_2_Pos5_RGB.tif","2024-07-25",5,1,"body_landmarks","subject_anterior",296,79
"CROP_2024-07-25_L2_RGap_H200_10pct_oxygen_t3min_evil_twins_pluck_1_2_Pos5_RGB.tif","2024-07-25",5,1,"body_landmarks","subject_posterior",342,559
"CROP_2024-07-25_L2_RGap_H200_10pct_oxygen_t3min_evil_twins_pluck_1_2_Pos5_RGB.tif","2024-07-25",5,1,"body_landmarks","subject_left",231,339
"CROP_2024-07-25_L2_RGap_H200_10pct_oxygen_t3min_evil_twins_pluck_1_2_Pos5_RGB.tif","2024-07-25",5,1,"body_landmarks","subject_right",405,319
"CROP_2024-07-25_L2_RGap_H200_10pct_oxygen_t3min_evil_twins_pluck_1_2_Pos6_RGB.tif","2024-07-25",6,1,"body_landmarks","subject_anterior",296,86
"CROP_2024-07-25_L2_RGap_H200_10pct_oxygen_t3min_evil_twins_pluck_1_2_Pos6_RGB.tif","2024-07-25",6,1,"body_landmarks","subject_posterior",321,559
"CROP_2024-07-25_L2_RGap_H200_10pct_oxygen_t3min_evil_twins_pluck_1_2_Pos6_RGB.tif","2024-07-25",6,1,"body_landmarks","subject_left",221,330
"CROP_2024-07-25_L2_RGap_H200_10pct_oxygen_t3min_evil_twins_pluck_1_2_Pos6_RGB.tif","2024-07-25",6,1,"body_landmarks","subject_right",400,316
"CROP_2024-07-25_L2_RGap_H200_10pct_oxygen_t3min_evil_twins_pluck_1_2_Pos7_RGB.tif","2024-07-25",7,1,"body_landmarks","subject_anterior",295,68
"CROP_2024-07-25_L2_RGap_H200_10pct_oxygen_t3min_evil_twins_pluck_1_2_Pos7_RGB.tif","2024-07-25",7,1,"body_landmarks","subject_posterior",336,570
"CROP_2024-07-25_L2_RGap_H200_10pct_oxygen_t3min_evil_twins_pluck_1_2_Pos7_RGB.tif","2024-07-25",7,1,"body_landmarks","subject_left",226,326
"CROP_2024-07-25_L2_RGap_H200_10pct_oxygen_t3min_evil_twins_pluck_1_2_Pos7_RGB.tif","2024-07-25",7,1,"body_landmarks","subject_right",411,313
"CROP_2024-07-25_L2_RGap_H200_10pct_oxygen_t3min_evil_twins_pluck_1_2_Pos8_RGB.tif","2024-07-25",8,1,"body_landmarks","subject_anterior",306,87
"CROP_2024-07-25_L2_RGap_H200_10pct_oxygen_t3min_evil_twins_pluck_1_2_Pos8_RGB.tif","2024-07-25",8,1,"body_landmarks","subject_posterior",338,560
"CROP_2024-07-25_L2_RGap_H200_10pct_oxygen_t3min_evil_twins_pluck_1_2_Pos8_RGB.tif","2024-07-25",8,1,"body_landmarks","subject_left",224,327
"CROP_2024-07-25_L2_RGap_H200_10pct_oxygen_t3min_evil_twins_pluck_1_2_Pos8_RGB.tif","2024-07-25",8,1,"body_landmarks","subject_right",405,322
"CROP_2024-07-25_L2_RGap_H200_10pct_oxygen_t3min_evil_twins_pluck_1_2_Pos9_RGB.tif","2024-07-25",9,1,"body_landmarks","subject_anterior",281,78
"CROP_2024-07-25_L2_RGap_H200_10pct_oxygen_t3min_evil_twins_pluck_1_2_Pos9_RGB.tif","2024-07-25",9,1,"body_landmarks","subject_posterior",382,573
"CROP_2024-07-25_L2_RGap_H200_10pct_oxygen_t3min_evil_twins_pluck_1_2_Pos9_RGB.tif","2024-07-25",9,1,"body_landmarks","subject_left",235,356
"CROP_2024-07-25_L2_RGap_H200_10pct_oxygen_t3min_evil_twins_pluck_1_2_Pos9_RGB.tif","2024-07-25",9,1,"body_landmarks","subject_right",414,304
"CROP_2024-07-25_L2_RGap_H200_10pct_oxygen_t3min_evil_twins_pluck_1_2_Pos10_RGB.tif","2024-07-25",10,1,"body_landmarks","subject_anterior",306,73
"CROP_2024-07-25_L2_RGap_H200_10pct_oxygen_t3min_evil_twins_pluck_1_2_Pos10_RGB.tif","2024-07-25",10,1,"body_landmarks","subject_posterior",326,572
"CROP_2024-07-25_L2_RGap_H200_10pct_oxygen_t3min_evil_twins_pluck_1_2_Pos10_RGB.tif","2024-07-25",10,1,"body_landmarks","subject_left",226,328
"CROP_2024-07-25_L2_RGap_H200_10pct_oxygen_t3min_evil_twins_pluck_1_2_Pos10_RGB.tif","2024-07-25",10,1,"body_landmarks","subject_right",401,322
"CROP_2024-07-25_L2_RGap_H200_10pct_oxygen_t3min_evil_twins_pluck_1_2_Pos11_RGB.tif","2024-07-25",11,1,"body_landmarks","subject_anterior",302,86
"CROP_2024-07-25_L2_RGap_H200_10pct_oxygen_t3min_evil_twins_pluck_1_2_Pos11_RGB.tif","2024-07-25",11,1,"body_landmarks","subject_posterior",340,556
"CROP_2024-07-25_L2_RGap_H200_10pct_oxygen_t3min_evil_twins_pluck_1_2_Pos11_RGB.tif","2024-07-25",11,1,"body_landmarks","subject_left",226,324
"CROP_2024-07-25_L2_RGap_H200_10pct_oxygen_t3min_evil_twins_pluck_1_2_Pos11_RGB.tif","2024-07-25",11,1,"body_landmarks","subject_right",409,306
"CROP_2024-07-25_L2_RGap_H200_10pct_oxygen_t3min_evil_twins_pluck_1_2_Pos12_RGB.tif","2024-07-25",12,1,"body_landmarks","subject_anterior",310,61
"CROP_2024-07-25_L2_RGap_H200_10pct_oxygen_t3min_evil_twins_pluck_1_2_Pos12_RGB.tif","2024-07-25",12,1,"body_landmarks","subject_posterior",325,578
"CROP_2024-07-25_L2_RGap_H200_10pct_oxygen_t3min_evil_twins_pluck_1_2_Pos12_RGB.tif","2024-07-25",12,1,"body_landmarks","subject_left",223,319
"CROP_2024-07-25_L2_RGap_H200_10pct_oxygen_t3min_evil_twins_pluck_1_2_Pos12_RGB.tif","2024-07-25",12,1,"body_landmarks","subject_right",406,319
"CROP_2024-07-25_L2_RGap_H200_10pct_oxygen_t3min_evil_twins_pluck_1_2_Pos13_RGB.tif","2024-07-25",13,1,"body_landmarks","subject_anterior",299,75
"CROP_2024-07-25_L2_RGap_H200_10pct_oxygen_t3min_evil_twins_pluck_1_2_Pos13_RGB.tif","2024-07-25",13,1,"body_landmarks","subject_posterior",344,568
"CROP_2024-07-25_L2_RGap_H200_10pct_oxygen_t3min_evil_twins_pluck_1_2_Pos13_RGB.tif","2024-07-25",13,1,"body_landmarks","subject_left",231,338
"CROP_2024-07-25_L2_RGap_H200_10pct_oxygen_t3min_evil_twins_pluck_1_2_Pos13_RGB.tif","2024-07-25",13,1,"body_landmarks","subject_right",404,321
"CROP_2024-07-25_L2_RGap_H200_10pct_oxygen_t3min_evil_twins_pluck_1_2_Pos14_RGB.tif","2024-07-25",14,1,"body_landmarks","subject_anterior",308,71
"CROP_2024-07-25_L2_RGap_H200_10pct_oxygen_t3min_evil_twins_pluck_1_2_Pos14_RGB.tif","2024-07-25",14,1,"body_landmarks","subject_posterior",329,566
"CROP_2024-07-25_L2_RGap_H200_10pct_oxygen_t3min_evil_twins_pluck_1_2_Pos14_RGB.tif","2024-07-25",14,1,"body_landmarks","subject_left",227,338
"CROP_2024-07-25_L2_RGap_H200_10pct_oxygen_t3min_evil_twins_pluck_1_2_Pos14_RGB.tif","2024-07-25",14,1,"body_landmarks","subject_right",402,333
"CROP_2024-07-25_L2_RGap_H200_10pct_oxygen_t3min_evil_twins_pluck_1_2_Pos15_RGB.tif","2024-07-25",15,1,"body_landmarks","subject_anterior",280,74
"CROP_2024-07-25_L2_RGap_H200_10pct_oxygen_t3min_evil_twins_pluck_1_2_Pos15_RGB.tif","2024-07-25",15,1,"body_landmarks","subject_posterior",353,579
"CROP_2024-07-25_L2_RGap_H200_10pct_oxygen_t3min_evil_twins_pluck_1_2_Pos15_RGB.tif","2024-07-25",15,1,"body_landmarks","subject_left",232,343
"CROP_2024-07-25_L2_RGap_H200_10pct_oxygen_t3min_evil_twins_pluck_1_2_Pos15_RGB.tif","2024-07-25",15,1,"body_landmarks","subject_right",407,325
"CROP_2024-07-25_L2_RGap_H200_10pct_oxygen_t3min_evil_twins_pluck_1_2_Pos16_RGB.tif","2024-07-25",16,1,"body_landmarks","subject_anterior",331,53
"CROP_2024-07-25_L2_RGap_H200_10pct_oxygen_t3min_evil_twins_pluck_1_2_Pos16_RGB.tif","2024-07-25",16,1,"body_landmarks","subject_posterior",305,586
"CROP_2024-07-25_L2_RGap_H200_10pct_oxygen_t3min_evil_twins_pluck_1_2_Pos16_RGB.tif","2024-07-25",16,1,"body_landmarks","subject_left",231,246
"CROP_2024-07-25_L2_RGap_H200_10pct_oxygen_t3min_evil_twins_pluck_1_2_Pos16_RGB.tif","2024-07-25",16,1,"body_landmarks","subject_right",407,259
"CROP_2024-07-25_L2_RGap_H200_10pct_oxygen_t3min_evil_twins_pluck_1_2_Pos17_RGB.tif","2024-07-25",17,1,"body_landmarks","subject_anterior",340,63
"CROP_2024-07-25_L2_RGap_H200_10pct_oxygen_t3min_evil_twins_pluck_1_2_Pos17_RGB.tif","2024-07-25",17,1,"body_landmarks","subject_posterior",316,571
"CROP_2024-07-25_L2_RGap_H200_10pct_oxygen_t3min_evil_twins_pluck_1_2_Pos17_RGB.tif","2024-07-25",17,1,"body_landmarks","subject_left",230,334
"CROP_2024-07-25_L2_RGap_H200_10pct_oxygen_t3min_evil_twins_pluck_1_2_Pos17_RGB.tif","2024-07-25",17,1,"body_landmarks","subject_right",411,335
"CROP_2024-07-25_L2_RGap_H200_10pct_oxygen_t3min_evil_twins_pluck_1_2_Pos18_RGB.tif","2024-07-25",18,1,"body_landmarks","subject_anterior",316,62
"CROP_2024-07-25_L2_RGap_H200_10pct_oxygen_t3min_evil_twins_pluck_1_2_Pos18_RGB.tif","2024-07-25",18,1,"body_landmarks","subject_posterior",322,578
"CROP_2024-07-25_L2_RGap_H200_10pct_oxygen_t3min_evil_twins_pluck_1_2_Pos18_RGB.tif","2024-07-25",18,1,"body_landmarks","subject_left",223,336
"CROP_2024-07-25_L2_RGap_H200_10pct_oxygen_t3min_evil_twins_pluck_1_2_Pos18_RGB.tif","2024-07-25",18,1,"body_landmarks","subject_right",403,337
"CROP_2024-07-25_L2_RGap_H200_10pct_oxygen_t3min_evil_twins_pluck_1_2_Pos19_RGB.tif","2024-07-25",19,1,"body_landmarks","subject_anterior",312,63
"CROP_2024-07-25_L2_RGap_H200_10pct_oxygen_t3min_evil_twins_pluck_1_2_Pos19_RGB.tif","2024-07-25",19,1,"body_landmarks","subject_posterior",336,570
"CROP_2024-07-25_L2_RGap_H200_10pct_oxygen_t3min_evil_twins_pluck_1_2_Pos19_RGB.tif","2024-07-25",19,1,"body_landmarks","subject_left",227,335
"CROP_2024-07-25_L2_RGap_H200_10pct_oxygen_t3min_evil_twins_pluck_1_2_Pos19_RGB.tif","2024-07-25",19,1,"body_landmarks","subject_right",410,335
"CROP_2024-07-25_L2_RGap_H200_10pct_oxygen_t3min_evil_twins_pluck_1_2_Pos20_RGB.tif","2024-07-25",20,1,"body_landmarks","subject_anterior",309,67
"CROP_2024-07-25_L2_RGap_H200_10pct_oxygen_t3min_evil_twins_pluck_1_2_Pos20_RGB.tif","2024-07-25",20,1,"body_landmarks","subject_posterior",324,566
"CROP_2024-07-25_L2_RGap_H200_10pct_oxygen_t3min_evil_twins_pluck_1_2_Pos20_RGB.tif","2024-07-25",20,1,"body_landmarks","subject_left",228,319
"CROP_2024-07-25_L2_RGap_H200_10pct_oxygen_t3min_evil_twins_pluck_1_2_Pos20_RGB.tif","2024-07-25",20,1,"body_landmarks","subject_right",408,314
"CROP_2024-07-25_L2_RGap_H200_10pct_oxygen_t3min_evil_twins_pluck_1_2_Pos21_RGB.tif","2024-07-25",21,1,"body_landmarks","subject_anterior",325,70
"CROP_2024-07-25_L2_RGap_H200_10pct_oxygen_t3min_evil_twins_pluck_1_2_Pos21_RGB.tif","2024-07-25",21,1,"body_landmarks","subject_posterior",318,575
"CROP_2024-07-25_L2_RGap_H200_10pct_oxygen_t3min_evil_twins_pluck_1_2_Pos21_RGB.tif","2024-07-25",21,1,"body_landmarks","subject_left",226,323
"CROP_2024-07-25_L2_RGap_H200_10pct_oxygen_t3min_evil_twins_pluck_1_2_Pos21_RGB.tif","2024-07-25",21,1,"body_landmarks","subject_right",399,319
"CROP_2024-07-25_L2_RGap_H200_10pct_oxygen_t3min_evil_twins_pluck_1_2_Pos22_RGB.tif","2024-07-25",22,1,"body_landmarks","subject_anterior",301,93
"CROP_2024-07-25_L2_RGap_H200_10pct_oxygen_t3min_evil_twins_pluck_1_2_Pos22_RGB.tif","2024-07-25",22,1,"body_landmarks","subject_posterior",328,561
"CROP_2024-07-25_L2_RGap_H200_10pct_oxygen_t3min_evil_twins_pluck_1_2_Pos22_RGB.tif","2024-07-25",22,1,"body_landmarks","subject_left",228,348
"CROP_2024-07-25_L2_RGap_H200_10pct_oxygen_t3min_evil_twins_pluck_1_2_Pos22_RGB.tif","2024-07-25",22,1,"body_landmarks","subject_right",401,341
"CROP_2024-07-25_L2_RGap_H200_10pct_oxygen_t3min_evil_twins_pluck_1_2_Pos23_RGB.tif","2024-07-25",23,1,"body_landmarks","subject_anterior",309,71
"CROP_2024-07-25_L2_RGap_H200_10pct_oxygen_t3min_evil_twins_pluck_1_2_Pos23_RGB.tif","2024-07-25",23,1,"body_landmarks","subject_posterior",364,566
"CROP_2024-07-25_L2_RGap_H200_10pct_oxygen_t3min_evil_twins_pluck_1_2_Pos23_RGB.tif","2024-07-25",23,1,"body_landmarks","subject_left",236,360
"CROP_2024-07-25_L2_RGap_H200_10pct_oxygen_t3min_evil_twins_pluck_1_2_Pos23_RGB.tif","2024-07-25",23,1,"body_landmarks","subject_right",415,343
"CROP_2024-07-25_L2_RGap_H200_10pct_oxygen_t3min_evil_twins_pluck_1_2_Pos24_RGB.tif","2024-07-25",24,1,"body_landmarks","subject_anterior",299,61
"CROP_2024-07-25_L2_RGap_H200_10pct_oxygen_t3min_evil_twins_pluck_1_2_Pos24_RGB.tif","2024-07-25",24,1,"body_landmarks","subject_posterior",343,577
"CROP_2024-07-25_L2_RGap_H200_10pct_oxygen_t3min_evil_twins_pluck_1_2_Pos24_RGB.tif","2024-07-25",24,1,"body_landmarks","subject_left",233,349
"CROP_2024-07-25_L2_RGap_H200_10pct_oxygen_t3min_evil_twins_pluck_1_2_Pos24_RGB.tif","2024-07-25",24,1,"body_landmarks","subject_right",409,338
"CROP_2024-07-25_L2_RGap_H200_10pct_oxygen_t3min_evil_twins_pluck_1_2_Pos25_RGB.tif","2024-07-25",25,1,"body_landmarks","subject_anterior",301,80
"CROP_2024-07-25_L2_RGap_H200_10pct_oxygen_t3min_evil_twins_pluck_1_2_Pos25_RGB.tif","2024-07-25",25,1,"body_landmarks","subject_posterior",333,576
"CROP_2024-07-25_L2_RGap_H200_10pct_oxygen_t3min_evil_twins_pluck_1_2_Pos25_RGB.tif","2024-07-25",25,1,"body_landmarks","subject_left",216,328
"CROP_2024-07-25_L2_RGap_H200_10pct_oxygen_t3min_evil_twins_pluck_1_2_Pos25_RGB.tif","2024-07-25",25,1,"body_landmarks","subject_right",397,301
"CROP_2024-07-29_L2_RGap_H200_10pct_oxygen_t3min_evil_twins_pluck_1_2_Pos1_RGB.tif","2024-07-29",1,1,"body_landmarks","subject_anterior",317,78
"CROP_2024-07-29_L2_RGap_H200_10pct_oxygen_t3min_evil_twins_pluck_1_2_Pos1_RGB.tif","2024-07-29",1,1,"body_landmarks","subject_posterior",272,566
"CROP_2024-07-29_L2_RGap_H200_10pct_oxygen_t3min_evil_twins_pluck_1_2_Pos1_RGB.tif","2024-07-29",1,1,"body_landmarks","subject_left",204,362
"CROP_2024-07-29_L2_RGap_H200_10pct_oxygen_t3min_evil_twins_pluck_1_2_Pos1_RGB.tif","2024-07-29",1,1,"body_landmarks","subject_right",391,372
"CROP_2024-07-29_L2_RGap_H200_10pct_oxygen_t3min_evil_twins_pluck_1_2_Pos2_RGB.tif","2024-07-29",2,1,"body_landmarks","subject_anterior",302,88
"CROP_2024-07-29_L2_RGap_H200_10pct_oxygen_t3min_evil_twins_pluck_1_2_Pos2_RGB.tif","2024-07-29",2,1,"body_landmarks","subject_posterior",340,564
"CROP_2024-07-29_L2_RGap_H200_10pct_oxygen_t3min_evil_twins_pluck_1_2_Pos2_RGB.tif","2024-07-29",2,1,"body_landmarks","subject_left",228,376
"CROP_2024-07-29_L2_RGap_H200_10pct_oxygen_t3min_evil_twins_pluck_1_2_Pos2_RGB.tif","2024-07-29",2,1,"body_landmarks","subject_right",406,370
"CROP_2024-07-29_L2_RGap_H200_10pct_oxygen_t3min_evil_twins_pluck_1_2_Pos3_RGB.tif","2024-07-29",3,1,"body_landmarks","subject_anterior",321,85
"CROP_2024-07-29_L2_RGap_H200_10pct_oxygen_t3min_evil_twins_pluck_1_2_Pos3_RGB.tif","2024-07-29",3,1,"body_landmarks","subject_posterior",316,557
"CROP_2024-07-29_L2_RGap_H200_10pct_oxygen_t3min_evil_twins_pluck_1_2_Pos3_RGB.tif","2024-07-29",3,1,"body_landmarks","subject_left",229,278
"CROP_2024-07-29_L2_RGap_H200_10pct_oxygen_t3min_evil_twins_pluck_1_2_Pos3_RGB.tif","2024-07-29",3,1,"body_landmarks","subject_right",411,279
"CROP_2024-07-29_L2_RGap_H200_10pct_oxygen_t3min_evil_twins_pluck_1_2_Pos4_RGB.tif","2024-07-29",4,1,"body_landmarks","subject_anterior",311,90
"CROP_2024-07-29_L2_RGap_H200_10pct_oxygen_t3min_evil_twins_pluck_1_2_Pos4_RGB.tif","2024-07-29",4,1,"body_landmarks","subject_posterior",334,569
"CROP_2024-07-29_L2_RGap_H200_10pct_oxygen_t3min_evil_twins_pluck_1_2_Pos4_RGB.tif","2024-07-29",4,1,"body_landmarks","subject_left",231,322
"CROP_2024-07-29_L2_RGap_H200_10pct_oxygen_t3min_evil_twins_pluck_1_2_Pos4_RGB.tif","2024-07-29",4,1,"body_landmarks","subject_right",401,314
"CROP_2024-07-29_L2_RGap_H200_10pct_oxygen_t3min_evil_twins_pluck_1_2_Pos5_RGB.tif","2024-07-29",5,1,"body_landmarks","subject_anterior",316,85
"CROP_2024-07-29_L2_RGap_H200_10pct_oxygen_t3min_evil_twins_pluck_1_2_Pos5_RGB.tif","2024-07-29",5,1,"body_landmarks","subject_posterior",321,562
"CROP_2024-07-29_L2_RGap_H200_10pct_oxygen_t3min_evil_twins_pluck_1_2_Pos5_RGB.tif","2024-07-29",5,1,"body_landmarks","subject_left",226,318
"CROP_2024-07-29_L2_RGap_H200_10pct_oxygen_t3min_evil_twins_pluck_1_2_Pos5_RGB.tif","2024-07-29",5,1,"body_landmarks","subject_right",402,314
"CROP_2024-07-29_L2_RGap_H200_10pct_oxygen_t3min_evil_twins_pluck_1_2_Pos6_RGB.tif","2024-07-29",6,1,"body_landmarks","subject_anterior",301,73
"CROP_2024-07-29_L2_RGap_H200_10pct_oxygen_t3min_evil_twins_pluck_1_2_Pos6_RGB.tif","2024-07-29",6,1,"body_landmarks","subject_posterior",358,572
"CROP_2024-07-29_L2_RGap_H200_10pct_oxygen_t3min_evil_twins_pluck_1_2_Pos6_RGB.tif","2024-07-29",6,1,"body_landmarks","subject_left",230,322
"CROP_2024-07-29_L2_RGap_H200_10pct_oxygen_t3min_evil_twins_pluck_1_2_Pos6_RGB.tif","2024-07-29",6,1,"body_landmarks","subject_right",404,296
"CROP_2024-07-29_L2_RGap_H200_10pct_oxygen_t3min_evil_twins_pluck_1_2_Pos7_RGB.tif","2024-07-29",7,1,"body_landmarks","subject_anterior",318,78
"CROP_2024-07-29_L2_RGap_H200_10pct_oxygen_t3min_evil_twins_pluck_1_2_Pos7_RGB.tif","2024-07-29",7,1,"body_landmarks","subject_posterior",308,568
"CROP_2024-07-29_L2_RGap_H200_10pct_oxygen_t3min_evil_twins_pluck_1_2_Pos7_RGB.tif","2024-07-29",7,1,"body_landmarks","subject_left",224,360
"CROP_2024-07-29_L2_RGap_H200_10pct_oxygen_t3min_evil_twins_pluck_1_2_Pos7_RGB.tif","2024-07-29",7,1,"body_landmarks","subject_right",399,386
"CROP_2024-07-29_L2_RGap_H200_10pct_oxygen_t3min_evil_twins_pluck_1_2_Pos8_RGB.tif","2024-07-29",8,1,"body_landmarks","subject_anterior",296,61
"CROP_2024-07-29_L2_RGap_H200_10pct_oxygen_t3min_evil_twins_pluck_1_2_Pos8_RGB.tif","2024-07-29",8,1,"body_landmarks","subject_posterior",343,579
"CROP_2024-07-29_L2_RGap_H200_10pct_oxygen_t3min_evil_twins_pluck_1_2_Pos8_RGB.tif","2024-07-29",8,1,"body_landmarks","subject_left",224,306
"CROP_2024-07-29_L2_RGap_H200_10pct_oxygen_t3min_evil_twins_pluck_1_2_Pos8_RGB.tif","2024-07-29",8,1,"body_landmarks","subject_right",405,289
"CROP_2024-07-29_L2_RGap_H200_10pct_oxygen_t3min_evil_twins_pluck_1_2_Pos9_RGB.tif","2024-07-29",9,1,"body_landmarks","subject_anterior",317,76
"CROP_2024-07-29_L2_RGap_H200_10pct_oxygen_t3min_evil_twins_pluck_1_2_Pos9_RGB.tif","2024-07-29",9,1,"body_landmarks","subject_posterior",311,556
"CROP_2024-07-29_L2_RGap_H200_10pct_oxygen_t3min_evil_twins_pluck_1_2_Pos9_RGB.tif","2024-07-29",9,1,"body_landmarks","subject_left",223,344
"CROP_2024-07-29_L2_RGap_H200_10pct_oxygen_t3min_evil_twins_pluck_1_2_Pos9_RGB.tif","2024-07-29",9,1,"body_landmarks","subject_right",405,354
"CROP_2024-07-29_L2_RGap_H200_10pct_oxygen_t3min_evil_twins_pluck_1_2_Pos10_RGB.tif","2024-07-29",10,1,"body_landmarks","subject_anterior",300,62
"CROP_2024-07-29_L2_RGap_H200_10pct_oxygen_t3min_evil_twins_pluck_1_2_Pos10_RGB.tif","2024-07-29",10,1,"body_landmarks","subject_posterior",342,582
"CROP_2024-07-29_L2_RGap_H200_10pct_oxygen_t3min_evil_twins_pluck_1_2_Pos10_RGB.tif","2024-07-29",10,1,"body_landmarks","subject_left",229,347
"CROP_2024-07-29_L2_RGap_H200_10pct_oxygen_t3min_evil_twins_pluck_1_2_Pos10_RGB.tif","2024-07-29",10,1,"body_landmarks","subject_right",406,333
"CROP_2024-07-29_L2_RGap_H200_10pct_oxygen_t3min_evil_twins_pluck_1_2_Pos11_RGB.tif","2024-07-29",11,1,"body_landmarks","subject_anterior",308,73
"CROP_2024-07-29_L2_RGap_H200_10pct_oxygen_t3min_evil_twins_pluck_1_2_Pos11_RGB.tif","2024-07-29",11,1,"body_landmarks","subject_posterior",340,573
"CROP_2024-07-29_L2_RGap_H200_10pct_oxygen_t3min_evil_twins_pluck_1_2_Pos11_RGB.tif","2024-07-29",11,1,"body_landmarks","subject_left",226,335
"CROP_2024-07-29_L2_RGap_H200_10pct_oxygen_t3min_evil_twins_pluck_1_2_Pos11_RGB.tif","2024-07-29",11,1,"body_landmarks","subject_right",410,318
"CROP_2024-07-29_L2_RGap_H200_10pct_oxygen_t3min_evil_twins_pluck_1_2_Pos12_RGB.tif","2024-07-29",12,1,"body_landmarks","subject_anterior",312,68
"CROP_2024-07-29_L2_RGap_H200_10pct_oxygen_t3min_evil_twins_pluck_1_2_Pos12_RGB.tif","2024-07-29",12,1,"body_landmarks","subject_posterior",328,576
"CROP_2024-07-29_L2_RGap_H200_10pct_oxygen_t3min_evil_twins_pluck_1_2_Pos12_RGB.tif","2024-07-29",12,1,"body_landmarks","subject_left",219,329
"CROP_2024-07-29_L2_RGap_H200_10pct_oxygen_t3min_evil_twins_pluck_1_2_Pos12_RGB.tif","2024-07-29",12,1,"body_landmarks","subject_right",399,321
"CROP_2024-07-29_L2_RGap_H200_10pct_oxygen_t3min_evil_twins_pluck_1_2_Pos13_RGB.tif","2024-07-29",13,1,"body_landmarks","subject_anterior",313,78
"CROP_2024-07-29_L2_RGap_H200_10pct_oxygen_t3min_evil_twins_pluck_1_2_Pos13_RGB.tif","2024-07-29",13,1,"body_landmarks","subject_posterior",313,564
"CROP_2024-07-29_L2_RGap_H200_10pct_oxygen_t3min_evil_twins_pluck_1_2_Pos13_RGB.tif","2024-07-29",13,1,"body_landmarks","subject_left",219,319
"CROP_2024-07-29_L2_RGap_H200_10pct_oxygen_t3min_evil_twins_pluck_1_2_Pos13_RGB.tif","2024-07-29",13,1,"body_landmarks","subject_right",398,330
"CROP_2024-07-29_L2_RGap_H200_10pct_oxygen_t3min_evil_twins_pluck_1_2_Pos14_RGB.tif","2024-07-29",14,1,"body_landmarks","subject_anterior",331,82
"CROP_2024-07-29_L2_RGap_H200_10pct_oxygen_t3min_evil_twins_pluck_1_2_Pos14_RGB.tif","2024-07-29",14,1,"body_landmarks","subject_posterior",298,567
"CROP_2024-07-29_L2_RGap_H200_10pct_oxygen_t3min_evil_twins_pluck_1_2_Pos14_RGB.tif","2024-07-29",14,1,"body_landmarks","subject_left",219,345
"CROP_2024-07-29_L2_RGap_H200_10pct_oxygen_t3min_evil_twins_pluck_1_2_Pos14_RGB.tif","2024-07-29",14,1,"body_landmarks","subject_right",398,352
"CROP_2024-07-29_L2_RGap_H200_10pct_oxygen_t3min_evil_twins_pluck_1_2_Pos15_RGB.tif","2024-07-29",15,1,"body_landmarks","subject_anterior",251,95
"CROP_2024-07-29_L2_RGap_H200_10pct_oxygen_t3min_evil_twins_pluck_1_2_Pos15_RGB.tif","2024-07-29",15,1,"body_landmarks","subject_posterior",398,544
"CROP_2024-07-29_L2_RGap_H200_10pct_oxygen_t3min_evil_twins_pluck_1_2_Pos15_RGB.tif","2024-07-29",15,1,"body_landmarks","subject_left",240,350
"CROP_2024-07-29_L2_RGap_H200_10pct_oxygen_t3min_evil_twins_pluck_1_2_Pos15_RGB.tif","2024-07-29",15,1,"body_landmarks","subject_right",404,289
"CROP_2024-07-29_L2_RGap_H200_10pct_oxygen_t3min_evil_twins_pluck_1_2_Pos16_RGB.tif","2024-07-29",16,1,"body_landmarks","subject_anterior",297,89
"CROP_2024-07-29_L2_RGap_H200_10pct_oxygen_t3min_evil_twins_pluck_1_2_Pos16_RGB.tif","2024-07-29",16,1,"body_landmarks","subject_posterior",337,557
"CROP_2024-07-29_L2_RGap_H200_10pct_oxygen_t3min_evil_twins_pluck_1_2_Pos16_RGB.tif","2024-07-29",16,1,"body_landmarks","subject_left",227,344
"CROP_2024-07-29_L2_RGap_H200_10pct_oxygen_t3min_evil_twins_pluck_1_2_Pos16_RGB.tif","2024-07-29",16,1,"body_landmarks","subject_right",400,321
"CROP_2024-07-29_L2_RGap_H200_10pct_oxygen_t3min_evil_twins_pluck_1_2_Pos17_RGB.tif","2024-07-29",17,1,"body_landmarks","subject_anterior",312,75
"CROP_2024-07-29_L2_RGap_H200_10pct_oxygen_t3min_evil_twins_pluck_1_2_Pos17_RGB.tif","2024-07-29",17,1,"body_landmarks","subject_posterior",320,563
"CROP_2024-07-29_L2_RGap_H200_10pct_oxygen_t3min_evil_twins_pluck_1_2_Pos17_RGB.tif","2024-07-29",17,1,"body_landmarks","subject_left",218,316
"CROP_2024-07-29_L2_RGap_H200_10pct_oxygen_t3min_evil_twins_pluck_1_2_Pos17_RGB.tif","2024-07-29",17,1,"body_landmarks","subject_right",397,313
"CROP_2024-07-29_L2_RGap_H200_10pct_oxygen_t3min_evil_twins_pluck_1_2_Pos18_RGB.tif","2024-07-29",18,1,"body_landmarks","subject_anterior",268,81
"CROP_2024-07-29_L2_RGap_H200_10pct_oxygen_t3min_evil_twins_pluck_1_2_Pos18_RGB.tif","2024-07-29",18,1,"body_landmarks","subject_posterior",386,554
"CROP_2024-07-29_L2_RGap_H200_10pct_oxygen_t3min_evil_twins_pluck_1_2_Pos18_RGB.tif","2024-07-29",18,1,"body_landmarks","subject_left",234,328
"CROP_2024-07-29_L2_RGap_H200_10pct_oxygen_t3min_evil_twins_pluck_1_2_Pos18_RGB.tif","2024-07-29",18,1,"body_landmarks","subject_right",404,282
"CROP_2024-07-29_L2_RGap_H200_10pct_oxygen_t3min_evil_twins_pluck_1_2_Pos19_RGB.tif","2024-07-29",19,1,"body_landmarks","subject_anterior",303,75
"CROP_2024-07-29_L2_RGap_H200_10pct_oxygen_t3min_evil_twins_pluck_1_2_Pos19_RGB.tif","2024-07-29",19,1,"body_landmarks","subject_posterior",336,572
"CROP_2024-07-29_L2_RGap_H200_10pct_oxygen_t3min_evil_twins_pluck_1_2_Pos19_RGB.tif","2024-07-29",19,1,"body_landmarks","subject_left",223,308
"CROP_2024-07-29_L2_RGap_H200_10pct_oxygen_t3min_evil_twins_pluck_1_2_Pos19_RGB.tif","2024-07-29",19,1,"body_landmarks","subject_right",403,291
"CROP_2024-07-29_L2_RGap_H200_10pct_oxygen_t3min_evil_twins_pluck_1_2_Pos20_RGB.tif","2024-07-29",20,1,"body_landmarks","subject_anterior",319,66
"CROP_2024-07-29_L2_RGap_H200_10pct_oxygen_t3min_evil_twins_pluck_1_2_Pos20_RGB.tif","2024-07-29",20,1,"body_landmarks","subject_posterior",309,569
"CROP_2024-07-29_L2_RGap_H200_10pct_oxygen_t3min_evil_twins_pluck_1_2_Pos20_RGB.tif","2024-07-29",20,1,"body_landmarks","subject_left",224,347
"CROP_2024-07-29_L2_RGap_H200_10pct_oxygen_t3min_evil_twins_pluck_1_2_Pos20_RGB.tif","2024-07-29",20,1,"body_landmarks","subject_right",404,358
"CROP_2024-07-29_L2_RGap_H200_10pct_oxygen_t3min_evil_twins_pluck_1_2_Pos21_RGB.tif","2024-07-29",21,1,"body_landmarks","subject_anterior",311,71
"CROP_2024-07-29_L2_RGap_H200_10pct_oxygen_t3min_evil_twins_pluck_1_2_Pos21_RGB.tif","2024-07-29",21,1,"body_landmarks","subject_posterior",323,565
"CROP_2024-07-29_L2_RGap_H200_10pct_oxygen_t3min_evil_twins_pluck_1_2_Pos21_RGB.tif","2024-07-29",21,1,"body_landmarks","subject_left",225,330
"CROP_2024-07-29_L2_RGap_H200_10pct_oxygen_t3min_evil_twins_pluck_1_2_Pos21_RGB.tif","2024-07-29",21,1,"body_landmarks","subject_right",402,328
"CROP_2024-07-29_L2_RGap_H200_10pct_oxygen_t3min_evil_twins_pluck_1_2_Pos22_RGB.tif","2024-07-29",22,1,"body_landmarks","subject_anterior",304,71
"CROP_2024-07-29_L2_RGap_H200_10pct_oxygen_t3min_evil_twins_pluck_1_2_Pos22_RGB.tif","2024-07-29",22,1,"body_landmarks","subject_posterior",333,562
"CROP_2024-07-29_L2_RGap_H200_10pct_oxygen_t3min_evil_twins_pluck_1_2_Pos22_RGB.tif","2024-07-29",22,1,"body_landmarks","subject_left",230,343
"CROP_2024-07-29_L2_RGap_H200_10pct_oxygen_t3min_evil_twins_pluck_1_2_Pos22_RGB.tif","2024-07-29",22,1,"body_landmarks","subject_right",404,333
"CROP_2024-07-29_L2_RGap_H200_10pct_oxygen_t3min_evil_twins_pluck_1_2_Pos23_RGB.tif","2024-07-29",23,1,"body_landmarks","subject_anterior",318,73
"CROP_2024-07-29_L2_RGap_H200_10pct_oxygen_t3min_evil_twins_pluck_1_2_Pos23_RGB.tif","2024-07-29",23,1,"body_landmarks","subject_posterior",330,575
"CROP_2024-07-29_L2_RGap_H200_10pct_oxygen_t3min_evil_twins_pluck_1_2_Pos23_RGB.tif","2024-07-29",23,1,"body_landmarks","subject_left",219,348
"CROP_2024-07-29_L2_RGap_H200_10pct_oxygen_t3min_evil_twins_pluck_1_2_Pos23_RGB.tif","2024-07-29",23,1,"body_landmarks","subject_right",399,357
"CROP_2024-07-29_L2_RGap_H200_10pct_oxygen_t3min_evil_twins_pluck_1_2_Pos24_RGB.tif","2024-07-29",24,1,"body_landmarks","subject_anterior",302,77
"CROP_2024-07-29_L2_RGap_H200_10pct_oxygen_t3min_evil_twins_pluck_1_2_Pos24_RGB.tif","2024-07-29",24,1,"body_landmarks","subject_posterior",328,567
"CROP_2024-07-29_L2_RGap_H200_10pct_oxygen_t3min_evil_twins_pluck_1_2_Pos24_RGB.tif","2024-07-29",24,1,"body_landmarks","subject_left",222,282
"CROP_2024-07-29_L2_RGap_H200_10pct_oxygen_t3min_evil_twins_pluck_1_2_Pos24_RGB.tif","2024-07-29",24,1,"body_landmarks","subject_right",403,272
"CROP_2024-07-29_L2_RGap_H200_10pct_oxygen_t3min_evil_twins_pluck_1_2_Pos25_RGB.tif","2024-07-29",25,1,"body_landmarks","subject_anterior",270,73
"CROP_2024-07-29_L2_RGap_H200_10pct_oxygen_t3min_evil_twins_pluck_1_2_Pos25_RGB.tif","2024-07-29",25,1,"body_landmarks","subject_posterior",384,560
"CROP_2024-07-29_L2_RGap_H200_10pct_oxygen_t3min_evil_twins_pluck_1_2_Pos25_RGB.tif","2024-07-29",25,1,"body_landmarks","subject_left",236,337
"CROP_2024-07-29_L2_RGap_H200_10pct_oxygen_t3min_evil_twins_pluck_1_2_Pos25_RGB.tif","2024-07-29",25,1,"body_landmarks","subject_right",409,279
"CROP_2024-07-25_L2_RGap_H200_10pct_oxygen_t3min_evil_twins_pluck_1_2_Pos1_RGB.tif","2024-07-25",1,40,"gb_start","gb_infolding",335,547
"CROP_2024-07-25_L2_RGap_H200_10pct_oxygen_t3min_evil_twins_pluck_1_2_Pos1_RGB.tif","2024-07-25",1,40,"gb_start","vitelline_posterior",339,561
"CROP_2024-07-25_L2_RGap_H200_10pct_oxygen_t3min_evil_twins_pluck_1_2_Pos1_RGB.tif","2024-07-25",1,40,"gb_start","gb_edge_left",317,562
"CROP_2024-07-25_L2_RGap_H200_10pct_oxygen_t3min_evil_twins_pluck_1_2_Pos1_RGB.tif","2024-07-25",1,40,"gb_start","gb_edge_right",360,548
"CROP_2024-07-25_L2_RGap_H200_10pct_oxygen_t3min_evil_twins_pluck_1_2_Pos3_RGB.tif","2024-07-25",3,29,"gb_start","gb_infolding",328,549
"CROP_2024-07-25_L2_RGap_H200_10pct_oxygen_t3min_evil_twins_pluck_1_2_Pos3_RGB.tif","2024-07-25",3,29,"gb_start","vitelline_posterior",334,573
"CROP_2024-07-25_L2_RGap_H200_10pct_oxygen_t3min_evil_twins_pluck_1_2_Pos3_RGB.tif","2024-07-25",3,29,"gb_start","gb_edge_left",301,564
"CROP_2024-07-25_L2_RGap_H200_10pct_oxygen_t3min_evil_twins_pluck_1_2_Pos3_RGB.tif","2024-07-25",3,29,"gb_start","gb_edge_right",368,555
"CROP_2024-07-25_L2_RGap_H200_10pct_oxygen_t3min_evil_twins_pluck_1_2_Pos4_RGB.tif","2024-07-25",4,37,"gb_start","gb_infolding",328,540
"CROP_2024-07-25_L2_RGap_H200_10pct_oxygen_t3min_evil_twins_pluck_1_2_Pos4_RGB.tif","2024-07-25",4,37,"gb_start","vitelline_posterior",327,569
"CROP_2024-07-25_L2_RGap_H200_10pct_oxygen_t3min_evil_twins_pluck_1_2_Pos4_RGB.tif","2024-07-25",4,37,"gb_start","gb_edge_left",301,557
"CROP_2024-07-25_L2_RGap_H200_10pct_oxygen_t3min_evil_twins_pluck_1_2_Pos4_RGB.tif","2024-07-25",4,37,"gb_start","gb_edge_right",356,556
"CROP_2024-07-25_L2_RGap_H200_10pct_oxygen_t3min_evil_twins_pluck_1_2_Pos5_RGB.tif","2024-07-25",5,31,"gb_start","gb_infolding",333,541
"CROP_2024-07-25_L2_RGap_H200_10pct_oxygen_t3min_evil_twins_pluck_1_2_Pos5_RGB.tif","2024-07-25",5,31,"gb_start","vitelline_posterior",334,558
"CROP_2024-07-25_L2_RGap_H200_10pct_oxygen_t3min_evil_twins_pluck_1_2_Pos5_RGB.tif","2024-07-25",5,31,"gb_start","gb_edge_left",318,553
"CROP_2024-07-25_L2_RGap_H200_10pct_oxygen_t3min_evil_twins_pluck_1_2_Pos5_RGB.tif","2024-07-25",5,31,"gb_start","gb_edge_right",363,551
"CROP_2024-07-25_L2_RGap_H200_10pct_oxygen_t3min_evil_twins_pluck_1_2_Pos6_RGB.tif","2024-07-25",6,32,"gb_start","gb_infolding",306,537
"CROP_2024-07-25_L2_RGap_H200_10pct_oxygen_t3min_evil_twins_pluck_1_2_Pos6_RGB.tif","2024-07-25",6,32,"gb_start","vitelline_posterior",304,556
"CROP_2024-07-25_L2_RGap_H200_10pct_oxygen_t3min_evil_twins_pluck_1_2_Pos6_RGB.tif","2024-07-25",6,32,"gb_start","gb_edge_left",277,542
"CROP_2024-07-25_L2_RGap_H200_10pct_oxygen_t3min_evil_twins_pluck_1_2_Pos6_RGB.tif","2024-07-25",6,32,"gb_start","gb_edge_right",328,551
"CROP_2024-07-25_L2_RGap_H200_10pct_oxygen_t3min_evil_twins_pluck_1_2_Pos8_RGB.tif","2024-07-25",8,44,"gb_start","gb_infolding",320,530
"CROP_2024-07-25_L2_RGap_H200_10pct_oxygen_t3min_evil_twins_pluck_1_2_Pos8_RGB.tif","2024-07-25",8,44,"gb_start","vitelline_posterior",321,554
"CROP_2024-07-25_L2_RGap_H200_10pct_oxygen_t3min_evil_twins_pluck_1_2_Pos8_RGB.tif","2024-07-25",8,44,"gb_start","gb_edge_left",299,546
"CROP_2024-07-25_L2_RGap_H200_10pct_oxygen_t3min_evil_twins_pluck_1_2_Pos8_RGB.tif","2024-07-25",8,44,"gb_start","gb_edge_right",347,547
"CROP_2024-07-25_L2_RGap_H200_10pct_oxygen_t3min_evil_twins_pluck_1_2_Pos9_RGB.tif","2024-07-25",9,45,"gb_start","gb_infolding",377,544
"CROP_2024-07-25_L2_RGap_H200_10pct_oxygen_t3min_evil_twins_pluck_1_2_Pos9_RGB.tif","2024-07-25",9,45,"gb_start","vitelline_posterior",386,569
"CROP_2024-07-25_L2_RGap_H200_10pct_oxygen_t3min_evil_twins_pluck_1_2_Pos9_RGB.tif","2024-07-25",9,45,"gb_start","gb_edge_left",360,571
"CROP_2024-07-25_L2_RGap_H200_10pct_oxygen_t3min_evil_twins_pluck_1_2_Pos9_RGB.tif","2024-07-25",9,45,"gb_start","gb_edge_right",411,548
"CROP_2024-07-25_L2_RGap_H200_10pct_oxygen_t3min_evil_twins_pluck_1_2_Pos10_RGB.tif","2024-07-25",10,29,"gb_start","gb_infolding",309,562
"CROP_2024-07-25_L2_RGap_H200_10pct_oxygen_t3min_evil_twins_pluck_1_2_Pos10_RGB.tif","2024-07-25",10,29,"gb_start","vitelline_posterior",307,569
"CROP_2024-07-25_L2_RGap_H200_10pct_oxygen_t3min_evil_twins_pluck_1_2_Pos10_RGB.tif","2024-07-25",10,29,"gb_start","gb_edge_left",300,568
"CROP_2024-07-25_L2_RGap_H200_10pct_oxygen_t3min_evil_twins_pluck_1_2_Pos10_RGB.tif","2024-07-25",10,29,"gb_start","gb_edge_right",315,569
"CROP_2024-07-25_L2_RGap_H200_10pct_oxygen_t3min_evil_twins_pluck_1_2_Pos11_RGB.tif","2024-07-25",11,43,"gb_start","gb_infolding",326,539
"CROP_2024-07-25_L2_RGap_H200_10pct_oxygen_t3min_evil_twins_pluck_1_2_Pos11_RGB.tif","2024-07-25",11,43,"gb_start","vitelline_posterior",325,557
"CROP_2024-07-25_L2_RGap_H200_10pct_oxygen_t3min_evil_twins_pluck_1_2_Pos11_RGB.tif","2024-07-25",11,43,"gb_start","gb_edge_left",308,550
"CROP_2024-07-25_L2_RGap_H200_10pct_oxygen_t3min_evil_twins_pluck_1_2_Pos11_RGB.tif","2024-07-25",11,43,"gb_start","gb_edge_right",347,551
"CROP_2024-07-25_L2_RGap_H200_10pct_oxygen_t3min_evil_twins_pluck_1_2_Pos12_RGB.tif","2024-07-25",12,35,"gb_start","gb_infolding",325,552
"CROP_2024-07-25_L2_RGap_H200_10pct_oxygen_t3min_evil_twins_pluck_1_2_Pos12_RGB.tif","2024-07-25",12,35,"gb_start","vitelline_posterior",330,579
"CROP_2024-07-25_L2_RGap_H200_10pct_oxygen_t3min_evil_twins_pluck_1_2_Pos12_RGB.tif","2024-07-25",12,35,"gb_start","gb_edge_left",303,577
"CROP_2024-07-25_L2_RGap_H200_10pct_oxygen_t3min_evil_twins_pluck_1_2_Pos12_RGB.tif","2024-07-25",12,35,"gb_start","gb_edge_right",348,566
"CROP_2024-07-25_L2_RGap_H200_10pct_oxygen_t3min_evil_twins_pluck_1_2_Pos13_RGB.tif","2024-07-25",13,22,"gb_start","gb_infolding",353,547
"CROP_2024-07-25_L2_RGap_H200_10pct_oxygen_t3min_evil_twins_pluck_1_2_Pos13_RGB.tif","2024-07-25",13,22,"gb_start","vitelline_posterior",357,568
"CROP_2024-07-25_L2_RGap_H200_10pct_oxygen_t3min_evil_twins_pluck_1_2_Pos13_RGB.tif","2024-07-25",13,22,"gb_start","gb_edge_left",331,567
"CROP_2024-07-25_L2_RGap_H200_10pct_oxygen_t3min_evil_twins_pluck_1_2_Pos13_RGB.tif","2024-07-25",13,22,"gb_start","gb_edge_right",377,554
"CROP_2024-07-25_L2_RGap_H200_10pct_oxygen_t3min_evil_twins_pluck_1_2_Pos14_RGB.tif","2024-07-25",14,18,"gb_start","gb_infolding",328,556
"CROP_2024-07-25_L2_RGap_H200_10pct_oxygen_t3min_evil_twins_pluck_1_2_Pos14_RGB.tif","2024-07-25",14,18,"gb_start","vitelline_posterior",330,566
"CROP_2024-07-25_L2_RGap_H200_10pct_oxygen_t3min_evil_twins_pluck_1_2_Pos14_RGB.tif","2024-07-25",14,18,"gb_start","gb_edge_left",318,565
"CROP_2024-07-25_L2_RGap_H200_10pct_oxygen_t3min_evil_twins_pluck_1_2_Pos14_RGB.tif","2024-07-25",14,18,"gb_start","gb_edge_right",340,563
"CROP_2024-07-25_L2_RGap_H200_10pct_oxygen_t3min_evil_twins_pluck_1_2_Pos15_RGB.tif","2024-07-25",15,36,"gb_start","gb_infolding",353,551
"CROP_2024-07-25_L2_RGap_H200_10pct_oxygen_t3min_evil_twins_pluck_1_2_Pos15_RGB.tif","2024-07-25",15,36,"gb_start","vitelline_posterior",357,574
"CROP_2024-07-25_L2_RGap_H200_10pct_oxygen_t3min_evil_twins_pluck_1_2_Pos15_RGB.tif","2024-07-25",15,36,"gb_start","gb_edge_left",335,570
"CROP_2024-07-25_L2_RGap_H200_10pct_oxygen_t3min_evil_twins_pluck_1_2_Pos15_RGB.tif","2024-07-25",15,36,"gb_start","gb_edge_right",381,564
"CROP_2024-07-25_L2_RGap_H200_10pct_oxygen_t3min_evil_twins_pluck_1_2_Pos16_RGB.tif","2024-07-25",16,34,"gb_start","gb_infolding",286,557
"CROP_2024-07-25_L2_RGap_H200_10pct_oxygen_t3min_evil_twins_pluck_1_2_Pos16_RGB.tif","2024-07-25",16,34,"gb_start","vitelline_posterior",277,576
"CROP_2024-07-25_L2_RGap_H200_10pct_oxygen_t3min_evil_twins_pluck_1_2_Pos16_RGB.tif","2024-07-25",16,34,"gb_start","gb_edge_left",263,561
"CROP_2024-07-25_L2_RGap_H200_10pct_oxygen_t3min_evil_twins_pluck_1_2_Pos16_RGB.tif","2024-07-25",16,34,"gb_start","gb_edge_right",308,579
"CROP_2024-07-25_L2_RGap_H200_10pct_oxygen_t3min_evil_twins_pluck_1_2_Pos17_RGB.tif","2024-07-25",17,38,"gb_start","gb_infolding",340,545
"CROP_2024-07-25_L2_RGap_H200_10pct_oxygen_t3min_evil_twins_pluck_1_2_Pos17_RGB.tif","2024-07-25",17,38,"gb_start","vitelline_posterior",345,562
"CROP_2024-07-25_L2_RGap_H200_10pct_oxygen_t3min_evil_twins_pluck_1_2_Pos17_RGB.tif","2024-07-25",17,38,"gb_start","gb_edge_left",313,568
"CROP_2024-07-25_L2_RGap_H200_10pct_oxygen_t3min_evil_twins_pluck_1_2_Pos17_RGB.tif","2024-07-25",17,38,"gb_start","gb_edge_right",359,547
"CROP_2024-07-25_L2_RGap_H200_10pct_oxygen_t3min_evil_twins_pluck_1_2_Pos18_RGB.tif","2024-07-25",18,33,"gb_start","gb_infolding",312,553
"CROP_2024-07-25_L2_RGap_H200_10pct_oxygen_t3min_evil_twins_pluck_1_2_Pos18_RGB.tif","2024-07-25",18,33,"gb_start","vitelline_posterior",309,579
"CROP_2024-07-25_L2_RGap_H200_10pct_oxygen_t3min_evil_twins_pluck_1_2_Pos18_RGB.tif","2024-07-25",18,33,"gb_start","gb_edge_left",287,568
"CROP_2024-07-25_L2_RGap_H200_10pct_oxygen_t3min_evil_twins_pluck_1_2_Pos18_RGB.tif","2024-07-25",18,33,"gb_start","gb_edge_right",334,576
"CROP_2024-07-25_L2_RGap_H200_10pct_oxygen_t3min_evil_twins_pluck_1_2_Pos19_RGB.tif","2024-07-25",19,36,"gb_start","gb_infolding",306,527
"CROP_2024-07-25_L2_RGap_H200_10pct_oxygen_t3min_evil_twins_pluck_1_2_Pos19_RGB.tif","2024-07-25",19,36,"gb_start","vitelline_posterior",291,555
"CROP_2024-07-25_L2_RGap_H200_10pct_oxygen_t3min_evil_twins_pluck_1_2_Pos19_RGB.tif","2024-07-25",19,36,"gb_start","gb_edge_left",276,541
"CROP_2024-07-25_L2_RGap_H200_10pct_oxygen_t3min_evil_twins_pluck_1_2_Pos19_RGB.tif","2024-07-25",19,36,"gb_start","gb_edge_right",323,566
"CROP_2024-07-25_L2_RGap_H200_10pct_oxygen_t3min_evil_twins_pluck_1_2_Pos20_RGB.tif","2024-07-25",20,51,"gb_start","gb_infolding",327,545
"CROP_2024-07-25_L2_RGap_H200_10pct_oxygen_t3min_evil_twins_pluck_1_2_Pos20_RGB.tif","2024-07-25",20,51,"gb_start","vitelline_posterior",325,568
"CROP_2024-07-25_L2_RGap_H200_10pct_oxygen_t3min_evil_twins_pluck_1_2_Pos20_RGB.tif","2024-07-25",20,51,"gb_start","gb_edge_left",299,555
"CROP_2024-07-25_L2_RGap_H200_10pct_oxygen_t3min_evil_twins_pluck_1_2_Pos20_RGB.tif","2024-07-25",20,51,"gb_start","gb_edge_right",360,559
"CROP_2024-07-25_L2_RGap_H200_10pct_oxygen_t3min_evil_twins_pluck_1_2_Pos21_RGB.tif","2024-07-25",21,22,"gb_start","gb_infolding",307,549
"CROP_2024-07-25_L2_RGap_H200_10pct_oxygen_t3min_evil_twins_pluck_1_2_Pos21_RGB.tif","2024-07-25",21,22,"gb_start","vitelline_posterior",308,574
"CROP_2024-07-25_L2_RGap_H200_10pct_oxygen_t3min_evil_twins_pluck_1_2_Pos21_RGB.tif","2024-07-25",21,22,"gb_start","gb_edge_left",287,568
"CROP_2024-07-25_L2_RGap_H200_10pct_oxygen_t3min_evil_twins_pluck_1_2_Pos21_RGB.tif","2024-07-25",21,22,"gb_start","gb_edge_right",334,568
"CROP_2024-07-25_L2_RGap_H200_10pct_oxygen_t3min_evil_twins_pluck_1_2_Pos22_RGB.tif","2024-07-25",22,25,"gb_start","gb_infolding",340,539
"CROP_2024-07-25_L2_RGap_H200_10pct_oxygen_t3min_evil_twins_pluck_1_2_Pos22_RGB.tif","2024-07-25",22,25,"gb_start","vitelline_posterior",347,557
"CROP_2024-07-25_L2_RGap_H200_10pct_oxygen_t3min_evil_twins_pluck_1_2_Pos22_RGB.tif","2024-07-25",22,25,"gb_start","gb_edge_left",325,559
"CROP_2024-07-25_L2_RGap_H200_10pct_oxygen_t3min_evil_twins_pluck_1_2_Pos22_RGB.tif","2024-07-25",22,25,"gb_start","gb_edge_right",364,539
"CROP_2024-07-25_L2_RGap_H200_10pct_oxygen_t3min_evil_twins_pluck_1_2_Pos23_RGB.tif","2024-07-25",23,21,"gb_start","gb_infolding",351,544
"CROP_2024-07-25_L2_RGap_H200_10pct_oxygen_t3min_evil_twins_pluck_1_2_Pos23_RGB.tif","2024-07-25",23,21,"gb_start","vitelline_posterior",351,562
"CROP_2024-07-25_L2_RGap_H200_10pct_oxygen_t3min_evil_twins_pluck_1_2_Pos23_RGB.tif","2024-07-25",23,21,"gb_start","gb_edge_left",338,561
"CROP_2024-07-25_L2_RGap_H200_10pct_oxygen_t3min_evil_twins_pluck_1_2_Pos23_RGB.tif","2024-07-25",23,21,"gb_start","gb_edge_right",370,562
"CROP_2024-07-25_L2_RGap_H200_10pct_oxygen_t3min_evil_twins_pluck_1_2_Pos24_RGB.tif","2024-07-25",24,41,"gb_start","gb_infolding",351,549
"CROP_2024-07-25_L2_RGap_H200_10pct_oxygen_t3min_evil_twins_pluck_1_2_Pos24_RGB.tif","2024-07-25",24,41,"gb_start","vitelline_posterior",353,567
"CROP_2024-07-25_L2_RGap_H200_10pct_oxygen_t3min_evil_twins_pluck_1_2_Pos24_RGB.tif","2024-07-25",24,41,"gb_start","gb_edge_left",331,573
"CROP_2024-07-25_L2_RGap_H200_10pct_oxygen_t3min_evil_twins_pluck_1_2_Pos24_RGB.tif","2024-07-25",24,41,"gb_start","gb_edge_right",372,564
"CROP_2024-07-25_L2_RGap_H200_10pct_oxygen_t3min_evil_twins_pluck_1_2_Pos25_RGB.tif","2024-07-25",25,37,"gb_start","gb_infolding",331,557
"CROP_2024-07-25_L2_RGap_H200_10pct_oxygen_t3min_evil_twins_pluck_1_2_Pos25_RGB.tif","2024-07-25",25,37,"gb_start","vitelline_posterior",333,574
"CROP_2024-07-25_L2_RGap_H200_10pct_oxygen_t3min_evil_twins_pluck_1_2_Pos25_RGB.tif","2024-07-25",25,37,"gb_start","gb_edge_left",309,568
"CROP_2024-07-25_L2_RGap_H200_10pct_oxygen_t3min_evil_twins_pluck_1_2_Pos25_RGB.tif","2024-07-25",25,37,"gb_start","gb_edge_right",356,562
"CROP_2024-07-29_L2_RGap_H200_10pct_oxygen_t3min_evil_twins_pluck_1_2_Pos1_RGB.tif","2024-07-29",1,32,"gb_start","gb_infolding",314,544
"CROP_2024-07-29_L2_RGap_H200_10pct_oxygen_t3min_evil_twins_pluck_1_2_Pos1_RGB.tif","2024-07-29",1,32,"gb_start","vitelline_posterior",317,558
"CROP_2024-07-29_L2_RGap_H200_10pct_oxygen_t3min_evil_twins_pluck_1_2_Pos1_RGB.tif","2024-07-29",1,32,"gb_start","gb_edge_left",301,563
"CROP_2024-07-29_L2_RGap_H200_10pct_oxygen_t3min_evil_twins_pluck_1_2_Pos1_RGB.tif","2024-07-29",1,32,"gb_start","gb_edge_right",328,550
"CROP_2024-07-29_L2_RGap_H200_10pct_oxygen_t3min_evil_twins_pluck_1_2_Pos2_RGB.tif","2024-07-29",2,19,"gb_start","gb_infolding",326,542
"CROP_2024-07-29_L2_RGap_H200_10pct_oxygen_t3min_evil_twins_pluck_1_2_Pos2_RGB.tif","2024-07-29",2,19,"gb_start","vitelline_posterior",325,566
"CROP_2024-07-29_L2_RGap_H200_10pct_oxygen_t3min_evil_twins_pluck_1_2_Pos2_RGB.tif","2024-07-29",2,19,"gb_start","gb_edge_left",307,559
"CROP_2024-07-29_L2_RGap_H200_10pct_oxygen_t3min_evil_twins_pluck_1_2_Pos2_RGB.tif","2024-07-29",2,19,"gb_start","gb_edge_right",350,562
"CROP_2024-07-29_L2_RGap_H200_10pct_oxygen_t3min_evil_twins_pluck_1_2_Pos3_RGB.tif","2024-07-29",3,13,"gb_start","gb_infolding",293,528
"CROP_2024-07-29_L2_RGap_H200_10pct_oxygen_t3min_evil_twins_pluck_1_2_Pos3_RGB.tif","2024-07-29",3,13,"gb_start","vitelline_posterior",285,543
"CROP_2024-07-29_L2_RGap_H200_10pct_oxygen_t3min_evil_twins_pluck_1_2_Pos3_RGB.tif","2024-07-29",3,13,"gb_start","gb_edge_left",277,534
"CROP_2024-07-29_L2_RGap_H200_10pct_oxygen_t3min_evil_twins_pluck_1_2_Pos3_RGB.tif","2024-07-29",3,13,"gb_start","gb_edge_right",323,552
"CROP_2024-07-29_L2_RGap_H200_10pct_oxygen_t3min_evil_twins_pluck_1_2_Pos4_RGB.tif","2024-07-29",4,38,"gb_start","gb_infolding",314,551
"CROP_2024-07-29_L2_RGap_H200_10pct_oxygen_t3min_evil_twins_pluck_1_2_Pos4_RGB.tif","2024-07-29",4,38,"gb_start","vitelline_posterior",315,568
"CROP_2024-07-29_L2_RGap_H200_10pct_oxygen_t3min_evil_twins_pluck_1_2_Pos4_RGB.tif","2024-07-29",4,38,"gb_start","gb_edge_left",293,558
"CROP_2024-07-29_L2_RGap_H200_10pct_oxygen_t3min_evil_twins_pluck_1_2_Pos4_RGB.tif","2024-07-29",4,38,"gb_start","gb_edge_right",332,568
"CROP_2024-07-29_L2_RGap_H200_10pct_oxygen_t3min_evil_twins_pluck_1_2_Pos5_RGB.tif","2024-07-29",5,10,"gb_start","gb_infolding",334,545
"CROP_2024-07-29_L2_RGap_H200_10pct_oxygen_t3min_evil_twins_pluck_1_2_Pos5_RGB.tif","2024-07-29",5,10,"gb_start","vitelline_posterior",340,560
"CROP_2024-07-29_L2_RGap_H200_10pct_oxygen_t3min_evil_twins_pluck_1_2_Pos5_RGB.tif","2024-07-29",5,10,"gb_start","gb_edge_left",332,562
"CROP_2024-07-29_L2_RGap_H200_10pct_oxygen_t3min_evil_twins_pluck_1_2_Pos5_RGB.tif","2024-07-29",5,10,"gb_start","gb_edge_right",349,552
"CROP_2024-07-29_L2_RGap_H200_10pct_oxygen_t3min_evil_twins_pluck_1_2_Pos6_RGB.tif","2024-07-29",6,28,"gb_start","gb_infolding",362,550
"CROP_2024-07-29_L2_RGap_H200_10pct_oxygen_t3min_evil_twins_pluck_1_2_Pos6_RGB.tif","2024-07-29",6,28,"gb_start","vitelline_posterior",370,570
"CROP_2024-07-29_L2_RGap_H200_10pct_oxygen_t3min_evil_twins_pluck_1_2_Pos6_RGB.tif","2024-07-29",6,28,"gb_start","gb_edge_left",346,570
"CROP_2024-07-29_L2_RGap_H200_10pct_oxygen_t3min_evil_twins_pluck_1_2_Pos6_RGB.tif","2024-07-29",6,28,"gb_start","gb_edge_right",390,557
"CROP_2024-07-29_L2_RGap_H200_10pct_oxygen_t3min_evil_twins_pluck_1_2_Pos7_RGB.tif","2024-07-29",7,27,"gb_start","gb_infolding",303,551
"CROP_2024-07-29_L2_RGap_H200_10pct_oxygen_t3min_evil_twins_pluck_1_2_Pos7_RGB.tif","2024-07-29",7,27,"gb_start","vitelline_posterior",299,569
"CROP_2024-07-29_L2_RGap_H200_10pct_oxygen_t3min_evil_twins_pluck_1_2_Pos7_RGB.tif","2024-07-29",7,27,"gb_start","gb_edge_left",277,555
"CROP_2024-07-29_L2_RGap_H200_10pct_oxygen_t3min_evil_twins_pluck_1_2_Pos7_RGB.tif","2024-07-29",7,27,"gb_start","gb_edge_right",331,564
"CROP_2024-07-29_L2_RGap_H200_10pct_oxygen_t3min_evil_twins_pluck_1_2_Pos8_RGB.tif","2024-07-29",8,30,"gb_start","gb_infolding",328,554
"CROP_2024-07-29_L2_RGap_H200_10pct_oxygen_t3min_evil_twins_pluck_1_2_Pos8_RGB.tif","2024-07-29",8,30,"gb_start","vitelline_posterior",324,575
"CROP_2024-07-29_L2_RGap_H200_10pct_oxygen_t3min_evil_twins_pluck_1_2_Pos8_RGB.tif","2024-07-29",8,30,"gb_start","gb_edge_left",305,562
"CROP_2024-07-29_L2_RGap_H200_10pct_oxygen_t3min_evil_twins_pluck_1_2_Pos8_RGB.tif","2024-07-29",8,30,"gb_start","gb_edge_right",349,571
"CROP_2024-07-29_L2_RGap_H200_10pct_oxygen_t3min_evil_twins_pluck_1_2_Pos9_RGB.tif","2024-07-29",9,24,"gb_start","gb_infolding",283,533
"CROP_2024-07-29_L2_RGap_H200_10pct_oxygen_t3min_evil_twins_pluck_1_2_Pos9_RGB.tif","2024-07-29",9,24,"gb_start","vitelline_posterior",275,546
"CROP_2024-07-29_L2_RGap_H200_10pct_oxygen_t3min_evil_twins_pluck_1_2_Pos9_RGB.tif","2024-07-29",9,24,"gb_start","gb_edge_left",263,534
"CROP_2024-07-29_L2_RGap_H200_10pct_oxygen_t3min_evil_twins_pluck_1_2_Pos9_RGB.tif","2024-07-29",9,24,"gb_start","gb_edge_right",296,553
"CROP_2024-07-29_L2_RGap_H200_10pct_oxygen_t3min_evil_twins_pluck_1_2_Pos10_RGB.tif","2024-07-29",10,26,"gb_start","gb_infolding",331,560
"CROP_2024-07-29_L2_RGap_H200_10pct_oxygen_t3min_evil_twins_pluck_1_2_Pos10_RGB.tif","2024-07-29",10,26,"gb_start","vitelline_posterior",330,587
"CROP_2024-07-29_L2_RGap_H200_10pct_oxygen_t3min_evil_twins_pluck_1_2_Pos10_RGB.tif","2024-07-29",10,26,"gb_start","gb_edge_left",306,574
"CROP_2024-07-29_L2_RGap_H200_10pct_oxygen_t3min_evil_twins_pluck_1_2_Pos10_RGB.tif","2024-07-29",10,26,"gb_start","gb_edge_right",359,577
"CROP_2024-07-29_L2_RGap_H200_10pct_oxygen_t3min_evil_twins_pluck_1_2_Pos11_RGB.tif","2024-07-29",11,40,"gb_start","gb_infolding",336,558
"CROP_2024-07-29_L2_RGap_H200_10pct_oxygen_t3min_evil_twins_pluck_1_2_Pos11_RGB.tif","2024-07-29",11,40,"gb_start","vitelline_posterior",337,575
"CROP_2024-07-29_L2_RGap_H200_10pct_oxygen_t3min_evil_twins_pluck_1_2_Pos11_RGB.tif","2024-07-29",11,40,"gb_start","gb_edge_left",314,570
"CROP_2024-07-29_L2_RGap_H200_10pct_oxygen_t3min_evil_twins_pluck_1_2_Pos11_RGB.tif","2024-07-29",11,40,"gb_start","gb_edge_right",359,567
"CROP_2024-07-29_L2_RGap_H200_10pct_oxygen_t3min_evil_twins_pluck_1_2_Pos12_RGB.tif","2024-07-29",12,39,"gb_start","gb_infolding",316,558
"CROP_2024-07-29_L2_RGap_H200_10pct_oxygen_t3min_evil_twins_pluck_1_2_Pos12_RGB.tif","2024-07-29",12,39,"gb_start","vitelline_posterior",317,576
"CROP_2024-07-29_L2_RGap_H200_10pct_oxygen_t3min_evil_twins_pluck_1_2_Pos12_RGB.tif","2024-07-29",12,39,"gb_start","gb_edge_left",298,565
"CROP_2024-07-29_L2_RGap_H200_10pct_oxygen_t3min_evil_twins_pluck_1_2_Pos12_RGB.tif","2024-07-29",12,39,"gb_start","gb_edge_right",348,572
"CROP_2024-07-29_L2_RGap_H200_10pct_oxygen_t3min_evil_twins_pluck_1_2_Pos13_RGB.tif","2024-07-29",13,24,"gb_start","gb_infolding",309,543
"CROP_2024-07-29_L2_RGap_H200_10pct_oxygen_t3min_evil_twins_pluck_1_2_Pos13_RGB.tif","2024-07-29",13,24,"gb_start","vitelline_posterior",312,561
"CROP_2024-07-29_L2_RGap_H200_10pct_oxygen_t3min_evil_twins_pluck_1_2_Pos13_RGB.tif","2024-07-29",13,24,"gb_start","gb_edge_left",293,557
"CROP_2024-07-29_L2_RGap_H200_10pct_oxygen_t3min_evil_twins_pluck_1_2_Pos13_RGB.tif","2024-07-29",13,24,"gb_start","gb_edge_right",333,555
"CROP_2024-07-29_L2_RGap_H200_10pct_oxygen_t3min_evil_twins_pluck_1_2_Pos14_RGB.tif","2024-07-29",14,32,"gb_start","gb_infolding",294,550
"CROP_2024-07-29_L2_RGap_H200_10pct_oxygen_t3min_evil_twins_pluck_1_2_Pos14_RGB.tif","2024-07-29",14,32,"gb_start","vitelline_posterior",293,568
"CROP_2024-07-29_L2_RGap_H200_10pct_oxygen_t3min_evil_twins_pluck_1_2_Pos14_RGB.tif","2024-07-29",14,32,"gb_start","gb_edge_left",273,558
"CROP_2024-07-29_L2_RGap_H200_10pct_oxygen_t3min_evil_twins_pluck_1_2_Pos14_RGB.tif","2024-07-29",14,32,"gb_start","gb_edge_right",313,565
"CROP_2024-07-29_L2_RGap_H200_10pct_oxygen_t3min_evil_twins_pluck_1_2_Pos15_RGB.tif","2024-07-29",15,24,"gb_start","gb_infolding",390,522
"CROP_2024-07-29_L2_RGap_H200_10pct_oxygen_t3min_evil_twins_pluck_1_2_Pos15_RGB.tif","2024-07-29",15,24,"gb_start","vitelline_posterior",402,543
"CROP_2024-07-29_L2_RGap_H200_10pct_oxygen_t3min_evil_twins_pluck_1_2_Pos15_RGB.tif","2024-07-29",15,24,"gb_start","gb_edge_left",368,547
"CROP_2024-07-29_L2_RGap_H200_10pct_oxygen_t3min_evil_twins_pluck_1_2_Pos15_RGB.tif","2024-07-29",15,24,"gb_start","gb_edge_right",421,523
"CROP_2024-07-29_L2_RGap_H200_10pct_oxygen_t3min_evil_twins_pluck_1_2_Pos16_RGB.tif","2024-07-29",16,34,"gb_start","gb_infolding",322,541
"CROP_2024-07-29_L2_RGap_H200_10pct_oxygen_t3min_evil_twins_pluck_1_2_Pos16_RGB.tif","2024-07-29",16,34,"gb_start","vitelline_posterior",323,560
"CROP_2024-07-29_L2_RGap_H200_10pct_oxygen_t3min_evil_twins_pluck_1_2_Pos16_RGB.tif","2024-07-29",16,34,"gb_start","gb_edge_left",308,555
"CROP_2024-07-29_L2_RGap_H200_10pct_oxygen_t3min_evil_twins_pluck_1_2_Pos16_RGB.tif","2024-07-29",16,34,"gb_start","gb_edge_right",343,555
"CROP_2024-07-29_L2_RGap_H200_10pct_oxygen_t3min_evil_twins_pluck_1_2_Pos17_RGB.tif","2024-07-29",17,28,"gb_start","gb_infolding",329,540
"CROP_2024-07-29_L2_RGap_H200_10pct_oxygen_t3min_evil_twins_pluck_1_2_Pos17_RGB.tif","2024-07-29",17,28,"gb_start","vitelline_posterior",335,560
"CROP_2024-07-29_L2_RGap_H200_10pct_oxygen_t3min_evil_twins_pluck_1_2_Pos17_RGB.tif","2024-07-29",17,28,"gb_start","gb_edge_left",317,560
"CROP_2024-07-29_L2_RGap_H200_10pct_oxygen_t3min_evil_twins_pluck_1_2_Pos17_RGB.tif","2024-07-29",17,28,"gb_start","gb_edge_right",354,548
"CROP_2024-07-29_L2_RGap_H200_10pct_oxygen_t3min_evil_twins_pluck_1_2_Pos18_RGB.tif","2024-07-29",18,24,"gb_start","gb_infolding",376,540
"CROP_2024-07-29_L2_RGap_H200_10pct_oxygen_t3min_evil_twins_pluck_1_2_Pos18_RGB.tif","2024-07-29",18,24,"gb_start","vitelline_posterior",380,559
"CROP_2024-07-29_L2_RGap_H200_10pct_oxygen_t3min_evil_twins_pluck_1_2_Pos18_RGB.tif","2024-07-29",18,24,"gb_start","gb_edge_left",356,555
"CROP_2024-07-29_L2_RGap_H200_10pct_oxygen_t3min_evil_twins_pluck_1_2_Pos18_RGB.tif","2024-07-29",18,24,"gb_start","gb_edge_right",403,548
"CROP_2024-07-29_L2_RGap_H200_10pct_oxygen_t3min_evil_twins_pluck_1_2_Pos19_RGB.tif","2024-07-29",19,19,"gb_start","gb_infolding",353,539
"CROP_2024-07-29_L2_RGap_H200_10pct_oxygen_t3min_evil_twins_pluck_1_2_Pos19_RGB.tif","2024-07-29",19,19,"gb_start","vitelline_posterior",368,557
"CROP_2024-07-29_L2_RGap_H200_10pct_oxygen_t3min_evil_twins_pluck_1_2_Pos19_RGB.tif","2024-07-29",19,19,"gb_start","gb_edge_left",333,572
"CROP_2024-07-29_L2_RGap_H200_10pct_oxygen_t3min_evil_twins_pluck_1_2_Pos19_RGB.tif","2024-07-29",19,19,"gb_start","gb_edge_right",379,540
"CROP_2024-07-29_L2_RGap_H200_10pct_oxygen_t3min_evil_twins_pluck_1_2_Pos20_RGB.tif","2024-07-29",20,25,"gb_start","gb_infolding",315,551
"CROP_2024-07-29_L2_RGap_H200_10pct_oxygen_t3min_evil_twins_pluck_1_2_Pos20_RGB.tif","2024-07-29",20,25,"gb_start","vitelline_posterior",317,571
"CROP_2024-07-29_L2_RGap_H200_10pct_oxygen_t3min_evil_twins_pluck_1_2_Pos20_RGB.tif","2024-07-29",20,25,"gb_start","gb_edge_left",288,566
"CROP_2024-07-29_L2_RGap_H200_10pct_oxygen_t3min_evil_twins_pluck_1_2_Pos20_RGB.tif","2024-07-29",20,25,"gb_start","gb_edge_right",338,562
"CROP_2024-07-29_L2_RGap_H200_10pct_oxygen_t3min_evil_twins_pluck_1_2_Pos21_RGB.tif","2024-07-29",21,26,"gb_start","gb_infolding",314,543
"CROP_2024-07-29_L2_RGap_H200_10pct_oxygen_t3min_evil_twins_pluck_1_2_Pos21_RGB.tif","2024-07-29",21,26,"gb_start","vitelline_posterior",307,568
"CROP_2024-07-29_L2_RGap_H200_10pct_oxygen_t3min_evil_twins_pluck_1_2_Pos21_RGB.tif","2024-07-29",21,26,"gb_start","gb_edge_left",286,555
"CROP_2024-07-29_L2_RGap_H200_10pct_oxygen_t3min_evil_twins_pluck_1_2_Pos21_RGB.tif","2024-07-29",21,26,"gb_start","gb_edge_right",339,564
"CROP_2024-07-29_L2_RGap_H200_10pct_oxygen_t3min_evil_twins_pluck_1_2_Pos22_RGB.tif","2024-07-29",22,16,"gb_start","gb_infolding",335,551
"CROP_2024-07-29_L2_RGap_H200_10pct_oxygen_t3min_evil_twins_pluck_1_2_Pos22_RGB.tif","2024-07-29",22,16,"gb_start","vitelline_posterior",338,564
"CROP_2024-07-29_L2_RGap_H200_10pct_oxygen_t3min_evil_twins_pluck_1_2_Pos22_RGB.tif","2024-07-29",22,16,"gb_start","gb_edge_left",329,563
"CROP_2024-07-29_L2_RGap_H200_10pct_oxygen_t3min_evil_twins_pluck_1_2_Pos22_RGB.tif","2024-07-29",22,16,"gb_start","gb_edge_right",348,560
"CROP_2024-07-29_L2_RGap_H200_10pct_oxygen_t3min_evil_twins_pluck_1_2_Pos23_RGB.tif","2024-07-29",23,28,"gb_start","gb_infolding",323,548
"CROP_2024-07-29_L2_RGap_H200_10pct_oxygen_t3min_evil_twins_pluck_1_2_Pos23_RGB.tif","2024-07-29",23,28,"gb_start","vitelline_posterior",325,578
"CROP_2024-07-29_L2_RGap_H200_10pct_oxygen_t3min_evil_twins_pluck_1_2_Pos23_RGB.tif","2024-07-29",23,28,"gb_start","gb_edge_left",302,569
"CROP_2024-07-29_L2_RGap_H200_10pct_oxygen_t3min_evil_twins_pluck_1_2_Pos23_RGB.tif","2024-07-29",23,28,"gb_start","gb_edge_right",351,564
"CROP_2024-07-29_L2_RGap_H200_10pct_oxygen_t3min_evil_twins_pluck_1_2_Pos24_RGB.tif","2024-07-29",24,7,"gb_start","gb_infolding",286,541
"CROP_2024-07-29_L2_RGap_H200_10pct_oxygen_t3min_evil_twins_pluck_1_2_Pos24_RGB.tif","2024-07-29",24,7,"gb_start","vitelline_posterior",277,547
"CROP_2024-07-29_L2_RGap_H200_10pct_oxygen_t3min_evil_twins_pluck_1_2_Pos24_RGB.tif","2024-07-29",24,7,"gb_start","gb_edge_left",274,542
"CROP_2024-07-29_L2_RGap_H200_10pct_oxygen_t3min_evil_twins_pluck_1_2_Pos24_RGB.tif","2024-07-29",24,7,"gb_start","gb_edge_right",282,551
"CROP_2024-07-29_L2_RGap_H200_10pct_oxygen_t3min_evil_twins_pluck_1_2_Pos25_RGB.tif","2024-07-29",25,31,"gb_start","gb_infolding",376,540
"CROP_2024-07-29_L2_RGap_H200_10pct_oxygen_t3min_evil_twins_pluck_1_2_Pos25_RGB.tif","2024-07-29",25,31,"gb_start","vitelline_posterior",383,561
"CROP_2024-07-29_L2_RGap_H200_10pct_oxygen_t3min_evil_twins_pluck_1_2_Pos25_RGB.tif","2024-07-29",25,31,"gb_start","gb_edge_left",367,560
"CROP_2024-07-29_L2_RGap_H200_10pct_oxygen_t3min_evil_twins_pluck_1_2_Pos25_RGB.tif","2024-07-29",25,31,"gb_start","gb_edge_right",399,553
"CROP_2024-08-01_L2_RGap_H200_10pct_oxygen_t3min_evil_twins_pluck_1_2_Pos1_RGB.tif","2024-08-01",1,20,"gb_start","gb_infolding",281,546
"CROP_2024-08-01_L2_RGap_H200_10pct_oxygen_t3min_evil_twins_pluck_1_2_Pos1_RGB.tif","2024-08-01",1,20,"gb_start","vitelline_posterior",273,570
"CROP_2024-08-01_L2_RGap_H200_10pct_oxygen_t3min_evil_twins_pluck_1_2_Pos1_RGB.tif","2024-08-01",1,20,"gb_start","gb_edge_left",246,548
"CROP_2024-08-01_L2_RGap_H200_10pct_oxygen_t3min_evil_twins_pluck_1_2_Pos1_RGB.tif","2024-08-01",1,20,"gb_start","gb_edge_right",305,569
"CROP_2024-08-01_L2_RGap_H200_10pct_oxygen_t3min_evil_twins_pluck_1_2_Pos2_RGB.tif","2024-08-01",2,2,"gb_start","gb_infolding",302,551
"CROP_2024-08-01_L2_RGap_H200_10pct_oxygen_t3min_evil_twins_pluck_1_2_Pos2_RGB.tif","2024-08-01",2,2,"gb_start","vitelline_posterior",290,566
"CROP_2024-08-01_L2_RGap_H200_10pct_oxygen_t3min_evil_twins_pluck_1_2_Pos2_RGB.tif","2024-08-01",2,2,"gb_start","gb_edge_left",326,559
"CROP_2024-08-01_L2_RGap_H200_10pct_oxygen_t3min_evil_twins_pluck_1_2_Pos2_RGB.tif","2024-08-01",2,2,"gb_start","gb_edge_right",307,567
"CROP_2024-08-01_L2_RGap_H200_10pct_oxygen_t3min_evil_twins_pluck_1_2_Pos3_RGB.tif","2024-08-01",3,21,"gb_start","gb_infolding",287,550
"CROP_2024-08-01_L2_RGap_H200_10pct_oxygen_t3min_evil_twins_pluck_1_2_Pos3_RGB.tif","2024-08-01",3,21,"gb_start","vitelline_posterior",285,566
"CROP_2024-08-01_L2_RGap_H200_10pct_oxygen_t3min_evil_twins_pluck_1_2_Pos3_RGB.tif","2024-08-01",3,21,"gb_start","gb_edge_left",263,557
"CROP_2024-08-01_L2_RGap_H200_10pct_oxygen_t3min_evil_twins_pluck_1_2_Pos3_RGB.tif","2024-08-01",3,21,"gb_start","gb_edge_right",307,564
"CROP_2024-08-01_L2_RGap_H200_10pct_oxygen_t3min_evil_twins_pluck_1_2_Pos4_RGB.tif","2024-08-01",4,28,"gb_start","gb_infolding",315,540
"CROP_2024-08-01_L2_RGap_H200_10pct_oxygen_t3min_evil_twins_pluck_1_2_Pos4_RGB.tif","2024-08-01",4,28,"gb_start","vitelline_posterior",319,553
"CROP_2024-08-01_L2_RGap_H200_10pct_oxygen_t3min_evil_twins_pluck_1_2_Pos4_RGB.tif","2024-08-01",4,28,"gb_start","gb_edge_left",311,558
"CROP_2024-08-01_L2_RGap_H200_10pct_oxygen_t3min_evil_twins_pluck_1_2_Pos4_RGB.tif","2024-08-01",4,28,"gb_start","gb_edge_right",332,540
"CROP_2024-08-01_L2_RGap_H200_10pct_oxygen_t3min_evil_twins_pluck_1_2_Pos5_RGB.tif","2024-08-01",5,30,"gb_start","gb_infolding",320,547
"CROP_2024-08-01_L2_RGap_H200_10pct_oxygen_t3min_evil_twins_pluck_1_2_Pos5_RGB.tif","2024-08-01",5,30,"gb_start","vitelline_posterior",322,574
"CROP_2024-08-01_L2_RGap_H200_10pct_oxygen_t3min_evil_twins_pluck_1_2_Pos5_RGB.tif","2024-08-01",5,30,"gb_start","gb_edge_left",304,567
"CROP_2024-08-01_L2_RGap_H200_10pct_oxygen_t3min_evil_twins_pluck_1_2_Pos5_RGB.tif","2024-08-01",5,30,"gb_start","gb_edge_right",348,569
"CROP_2024-08-01_L2_RGap_H200_10pct_oxygen_t3min_evil_twins_pluck_1_2_Pos6_RGB.tif","2024-08-01",6,31,"gb_start","gb_infolding",290,543
"CROP_2024-08-01_L2_RGap_H200_10pct_oxygen_t3min_evil_twins_pluck_1_2_Pos6_RGB.tif","2024-08-01",6,31,"gb_start","vitelline_posterior",292,568
"CROP_2024-08-01_L2_RGap_H200_10pct_oxygen_t3min_evil_twins_pluck_1_2_Pos6_RGB.tif","2024-08-01",6,31,"gb_start","gb_edge_left",267,560
"CROP_2024-08-01_L2_RGap_H200_10pct_oxygen_t3min_evil_twins_pluck_1_2_Pos6_RGB.tif","2024-08-01",6,31,"gb_start","gb_edge_right",318,560
"CROP_2024-08-01_L2_RGap_H200_10pct_oxygen_t3min_evil_twins_pluck_1_2_Pos7_RGB.tif","2024-08-01",7,20,"gb_start","gb_infolding",282,553
"CROP_2024-08-01_L2_RGap_H200_10pct_oxygen_t3min_evil_twins_pluck_1_2_Pos7_RGB.tif","2024-08-01",7,20,"gb_start","vitelline_posterior",277,572
"CROP_2024-08-01_L2_RGap_H200_10pct_oxygen_t3min_evil_twins_pluck_1_2_Pos7_RGB.tif","2024-08-01",7,20,"gb_start","gb_edge_left",259,559
"CROP_2024-08-01_L2_RGap_H200_10pct_oxygen_t3min_evil_twins_pluck_1_2_Pos7_RGB.tif","2024-08-01",7,20,"gb_start","gb_edge_right",300,575
"CROP_2024-08-01_L2_RGap_H200_10pct_oxygen_t3min_evil_twins_pluck_1_2_Pos8_RGB.tif","2024-08-01",8,17,"gb_start","gb_infolding",307,553
"CROP_2024-08-01_L2_RGap_H200_10pct_oxygen_t3min_evil_twins_pluck_1_2_Pos8_RGB.tif","2024-08-01",8,17,"gb_start","vitelline_posterior",306,573
"CROP_2024-08-01_L2_RGap_H200_10pct_oxygen_t3min_evil_twins_pluck_1_2_Pos8_RGB.tif","2024-08-01",8,17,"gb_start","gb_edge_left",285,569
"CROP_2024-08-01_L2_RGap_H200_10pct_oxygen_t3min_evil_twins_pluck_1_2_Pos8_RGB.tif","2024-08-01",8,17,"gb_start","gb_edge_right",322,570
"CROP_2024-08-01_L2_RGap_H200_10pct_oxygen_t3min_evil_twins_pluck_1_2_Pos9_RGB.tif","2024-08-01",9,20,"gb_start","gb_infolding",328,525
"CROP_2024-08-01_L2_RGap_H200_10pct_oxygen_t3min_evil_twins_pluck_1_2_Pos9_RGB.tif","2024-08-01",9,20,"gb_start","vitelline_posterior",326,549
"CROP_2024-08-01_L2_RGap_H200_10pct_oxygen_t3min_evil_twins_pluck_1_2_Pos9_RGB.tif","2024-08-01",9,20,"gb_start","gb_edge_left",317,542
"CROP_2024-08-01_L2_RGap_H200_10pct_oxygen_t3min_evil_twins_pluck_1_2_Pos9_RGB.tif","2024-08-01",9,20,"gb_start","gb_edge_right",342,549
"CROP_2024-08-01_L2_RGap_H200_10pct_oxygen_t3min_evil_twins_pluck_1_2_Pos10_RGB.tif","2024-08-01",10,22,"gb_start","gb_infolding",293,540
"CROP_2024-08-01_L2_RGap_H200_10pct_oxygen_t3min_evil_twins_pluck_1_2_Pos10_RGB.tif","2024-08-01",10,22,"gb_start","vitelline_posterior",291,569
"CROP_2024-08-01_L2_RGap_H200_10pct_oxygen_t3min_evil_twins_pluck_1_2_Pos10_RGB.tif","2024-08-01",10,22,"gb_start","gb_edge_left",265,555
"CROP_2024-08-01_L2_RGap_H200_10pct_oxygen_t3min_evil_twins_pluck_1_2_Pos10_RGB.tif","2024-08-01",10,22,"gb_start","gb_edge_right",329,559
"CROP_2024-08-01_L2_RGap_H200_10pct_oxygen_t3min_evil_twins_pluck_1_2_Pos11_RGB.tif","2024-08-01",11,26,"gb_start","gb_infolding",320,539
"CROP_2024-08-01_L2_RGap_H200_10pct_oxygen_t3min_evil_twins_pluck_1_2_Pos11_RGB.tif","2024-08-01",11,26,"gb_start","vitelline_posterior",320,563
"CROP_2024-08-01_L2_RGap_H200_10pct_oxygen_t3min_evil_twins_pluck_1_2_Pos11_RGB.tif","2024-08-01",11,26,"gb_start","gb_edge_left",294,561
"CROP_2024-08-01_L2_RGap_H200_10pct_oxygen_t3min_evil_twins_pluck_1_2_Pos11_RGB.tif","2024-08-01",11,26,"gb_start","gb_edge_right",338,554
"CROP_2024-08-01_L2_RGap_H200_10pct_oxygen_t3min_evil_twins_pluck_1_2_Pos12_RGB.tif","2024-08-01",12,17,"gb_start","gb_infolding",347,551
"CROP_2024-08-01_L2_RGap_H200_10pct_oxygen_t3min_evil_twins_pluck_1_2_Pos12_RGB.tif","2024-08-01",12,17,"gb_start","vitelline_posterior",347,568
"CROP_2024-08-01_L2_RGap_H200_10pct_oxygen_t3min_evil_twins_pluck_1_2_Pos12_RGB.tif","2024-08-01",12,17,"gb_start","gb_edge_left",328,566
"CROP_2024-08-01_L2_RGap_H200_10pct_oxygen_t3min_evil_twins_pluck_1_2_Pos12_RGB.tif","2024-08-01",12,17,"gb_start","gb_edge_right",362,561
"CROP_2024-08-01_L2_RGap_H200_10pct_oxygen_t3min_evil_twins_pluck_1_2_Pos14_RGB.tif","2024-08-01",14,15,"gb_start","gb_infolding",310,544
"CROP_2024-08-01_L2_RGap_H200_10pct_oxygen_t3min_evil_twins_pluck_1_2_Pos14_RGB.tif","2024-08-01",14,15,"gb_start","vitelline_posterior",308,571
"CROP_2024-08-01_L2_RGap_H200_10pct_oxygen_t3min_evil_twins_pluck_1_2_Pos14_RGB.tif","2024-08-01",14,15,"gb_start","gb_edge_left",288,563
"CROP_2024-08-01_L2_RGap_H200_10pct_oxygen_t3min_evil_twins_pluck_1_2_Pos14_RGB.tif","2024-08-01",14,15,"gb_start","gb_edge_right",330,568
"CROP_2024-08-01_L2_RGap_H200_10pct_oxygen_t3min_evil_twins_pluck_1_2_Pos15_RGB.tif","2024-08-01",15,23,"gb_start","gb_infolding",309,539
"CROP_2024-08-01_L2_RGap_H200_10pct_oxygen_t3min_evil_twins_pluck_1_2_Pos15_RGB.tif","2024-08-01",15,23,"gb_start","vitelline_posterior",308,556
"CROP_2024-08-01_L2_RGap_H200_10pct_oxygen_t3min_evil_twins_pluck_1_2_Pos15_RGB.tif","2024-08-01",15,23,"gb_start","gb_edge_left",293,548
"CROP_2024-08-01_L2_RGap_H200_10pct_oxygen_t3min_evil_twins_pluck_1_2_Pos15_RGB.tif","2024-08-01",15,23,"gb_start","gb_edge_right",331,556
"CROP_2024-08-01_L2_RGap_H200_10pct_oxygen_t3min_evil_twins_pluck_1_2_Pos16_RGB.tif","2024-08-01",16,21,"gb_start","gb_infolding",307,538
"CROP_2024-08-01_L2_RGap_H200_10pct_oxygen_t3min_evil_twins_pluck_1_2_Pos16_RGB.tif","2024-08-01",16,21,"gb_start","vitelline_posterior",303,562
"CROP_2024-08-01_L2_RGap_H200_10pct_oxygen_t3min_evil_twins_pluck_1_2_Pos16_RGB.tif","2024-08-01",16,21,"gb_start","gb_edge_left",284,553
"CROP_2024-08-01_L2_RGap_H200_10pct_oxygen_t3min_evil_twins_pluck_1_2_Pos16_RGB.tif","2024-08-01",16,21,"gb_start","gb_edge_right",326,562
"CROP_2024-08-01_L2_RGap_H200_10pct_oxygen_t3min_evil_twins_pluck_1_2_Pos17_RGB.tif","2024-08-01",17,26,"gb_start","gb_infolding",314,549
"CROP_2024-08-01_L2_RGap_H200_10pct_oxygen_t3min_evil_twins_pluck_1_2_Pos17_RGB.tif","2024-08-01",17,26,"gb_start","vitelline_posterior",313,578
"CROP_2024-08-01_L2_RGap_H200_10pct_oxygen_t3min_evil_twins_pluck_1_2_Pos17_RGB.tif","2024-08-01",17,26,"gb_start","gb_edge_left",294,570
"CROP_2024-08-01_L2_RGap_H200_10pct_oxygen_t3min_evil_twins_pluck_1_2_Pos17_RGB.tif","2024-08-01",17,26,"gb_start","gb_edge_right",335,576
"CROP_2024-08-01_L2_RGap_H200_10pct_oxygen_t3min_evil_twins_pluck_1_2_Pos19_RGB.tif","2024-08-01",19,26,"gb_start","gb_infolding",304,551
"CROP_2024-08-01_L2_RGap_H200_10pct_oxygen_t3min_evil_twins_pluck_1_2_Pos19_RGB.tif","2024-08-01",19,26,"gb_start","vitelline_posterior",303,576
"CROP_2024-08-01_L2_RGap_H200_10pct_oxygen_t3min_evil_twins_pluck_1_2_Pos19_RGB.tif","2024-08-01",19,26,"gb_start","gb_edge_left",278,568
"CROP_2024-08-01_L2_RGap_H200_10pct_oxygen_t3min_evil_twins_pluck_1_2_Pos19_RGB.tif","2024-08-01",19,26,"gb_start","gb_edge_right",326,569
"CROP_2024-08-01_L2_RGap_H200_10pct_oxygen_t3min_evil_twins_pluck_1_2_Pos21_RGB.tif","2024-08-01",21,19,"gb_start","gb_infolding",297,566
"CROP_2024-08-01_L2_RGap_H200_10pct_oxygen_t3min_evil_twins_pluck_1_2_Pos21_RGB.tif","2024-08-01",21,19,"gb_start","vitelline_posterior",295,592
"CROP_2024-08-01_L2_RGap_H200_10pct_oxygen_t3min_evil_twins_pluck_1_2_Pos21_RGB.tif","2024-08-01",21,19,"gb_start","gb_edge_left",272,577
"CROP_2024-08-01_L2_RGap_H200_10pct_oxygen_t3min_evil_twins_pluck_1_2_Pos21_RGB.tif","2024-08-01",21,19,"gb_start","gb_edge_right",323,591
"CROP_2024-08-01_L2_RGap_H200_10pct_oxygen_t3min_evil_twins_pluck_1_2_Pos22_RGB.tif","2024-08-01",22,19,"gb_start","gb_infolding",310,549
"CROP_2024-08-01_L2_RGap_H200_10pct_oxygen_t3min_evil_twins_pluck_1_2_Pos22_RGB.tif","2024-08-01",22,19,"gb_start","vitelline_posterior",312,569
"CROP_2024-08-01_L2_RGap_H200_10pct_oxygen_t3min_evil_twins_pluck_1_2_Pos22_RGB.tif","2024-08-01",22,19,"gb_start","gb_edge_left",288,564
"CROP_2024-08-01_L2_RGap_H200_10pct_oxygen_t3min_evil_twins_pluck_1_2_Pos22_RGB.tif","2024-08-01",22,19,"gb_start","gb_edge_right",335,560
"CROP_2024-08-01_L2_RGap_H200_10pct_oxygen_t3min_evil_twins_pluck_1_2_Pos24_RGB.tif","2024-08-01",24,27,"gb_start","gb_infolding",316,540
"CROP_2024-08-01_L2_RGap_H200_10pct_oxygen_t3min_evil_twins_pluck_1_2_Pos24_RGB.tif","2024-08-01",24,27,"gb_start","vitelline_posterior",328,555
"CROP_2024-08-01_L2_RGap_H200_10pct_oxygen_t3min_evil_twins_pluck_1_2_Pos24_RGB.tif","2024-08-01",24,27,"gb_start","gb_edge_left",322,557
"CROP_2024-08-01_L2_RGap_H200_10pct_oxygen_t3min_evil_twins_pluck_1_2_Pos24_RGB.tif","2024-08-01",24,27,"gb_start","gb_edge_right",338,543
"CROP_2024-08-01_L2_RGap_H200_10pct_oxygen_t3min_evil_twins_pluck_1_2_Pos25_RGB.tif","2024-08-01",25,6,"gb_start","gb_infolding",332,553
"CROP_2024-08-01_L2_RGap_H200_10pct_oxygen_t3min_evil_twins_pluck_1_2_Pos25_RGB.tif","2024-08-01",25,6,"gb_start","vitelline_posterior",334,574
"CROP_2024-08-01_L2_RGap_H200_10pct_oxygen_t3min_evil_twins_pluck_1_2_Pos25_RGB.tif","2024-08-01",25,6,"gb_start","gb_edge_left",317,572
"CROP_2024-08-01_L2_RGap_H200_10pct_oxygen_t3min_evil_twins_pluck_1_2_Pos25_RGB.tif","2024-08-01",25,6,"gb_start","gb_edge_right",350,568
"CROP_2024-08-05_L2_RGap_H200_10pct_oxygen_t3min_evil_twins_pluck_1_2_Pos1_RGB.tif","2024-08-05",1,35,"gb_start","gb_infolding",306,515
"CROP_2024-08-05_L2_RGap_H200_10pct_oxygen_t3min_evil_twins_pluck_1_2_Pos1_RGB.tif","2024-08-05",1,35,"gb_start","vitelline_posterior",291,561
"CROP_2024-08-05_L2_RGap_H200_10pct_oxygen_t3min_evil_twins_pluck_1_2_Pos1_RGB.tif","2024-08-05",1,35,"gb_start","gb_edge_left",267,545
"CROP_2024-08-05_L2_RGap_H200_10pct_oxygen_t3min_evil_twins_pluck_1_2_Pos1_RGB.tif","2024-08-05",1,35,"gb_start","gb_edge_right",314,560
"CROP_2024-08-05_L2_RGap_H200_10pct_oxygen_t3min_evil_twins_pluck_1_2_Pos2_RGB.tif","2024-08-05",2,38,"gb_start","gb_infolding",327,547
"CROP_2024-08-05_L2_RGap_H200_10pct_oxygen_t3min_evil_twins_pluck_1_2_Pos2_RGB.tif","2024-08-05",2,38,"gb_start","vitelline_posterior",331,570
"CROP_2024-08-05_L2_RGap_H200_10pct_oxygen_t3min_evil_twins_pluck_1_2_Pos2_RGB.tif","2024-08-05",2,38,"gb_start","gb_edge_left",307,568
"CROP_2024-08-05_L2_RGap_H200_10pct_oxygen_t3min_evil_twins_pluck_1_2_Pos2_RGB.tif","2024-08-05",2,38,"gb_start","gb_edge_right",348,561
"CROP_2024-08-05_L2_RGap_H200_10pct_oxygen_t3min_evil_twins_pluck_1_2_Pos3_RGB.tif","2024-08-05",3,34,"gb_start","gb_infolding",342,557
"CROP_2024-08-05_L2_RGap_H200_10pct_oxygen_t3min_evil_twins_pluck_1_2_Pos3_RGB.tif","2024-08-05",3,34,"gb_start","vitelline_posterior",351,587
"CROP_2024-08-05_L2_RGap_H200_10pct_oxygen_t3min_evil_twins_pluck_1_2_Pos3_RGB.tif","2024-08-05",3,35,"gb_start","gb_edge_left",320,582
"CROP_2024-08-05_L2_RGap_H200_10pct_oxygen_t3min_evil_twins_pluck_1_2_Pos3_RGB.tif","2024-08-05",3,35,"gb_start","gb_edge_right",366,574
"CROP_2024-08-05_L2_RGap_H200_10pct_oxygen_t3min_evil_twins_pluck_1_2_Pos4_RGB.tif","2024-08-05",4,33,"gb_start","gb_infolding",296,562
"CROP_2024-08-05_L2_RGap_H200_10pct_oxygen_t3min_evil_twins_pluck_1_2_Pos4_RGB.tif","2024-08-05",4,33,"gb_start","vitelline_posterior",297,580
"CROP_2024-08-05_L2_RGap_H200_10pct_oxygen_t3min_evil_twins_pluck_1_2_Pos4_RGB.tif","2024-08-05",4,33,"gb_start","gb_edge_left",283,573
"CROP_2024-08-05_L2_RGap_H200_10pct_oxygen_t3min_evil_twins_pluck_1_2_Pos4_RGB.tif","2024-08-05",4,33,"gb_start","gb_edge_right",328,576
"CROP_2024-08-05_L2_RGap_H200_10pct_oxygen_t3min_evil_twins_pluck_1_2_Pos5_RGB.tif","2024-08-05",5,35,"gb_start","gb_infolding",389,533
"CROP_2024-08-05_L2_RGap_H200_10pct_oxygen_t3min_evil_twins_pluck_1_2_Pos5_RGB.tif","2024-08-05",5,35,"gb_start","vitelline_posterior",398,549
"CROP_2024-08-05_L2_RGap_H200_10pct_oxygen_t3min_evil_twins_pluck_1_2_Pos5_RGB.tif","2024-08-05",5,35,"gb_start","gb_edge_left",387,552
"CROP_2024-08-05_L2_RGap_H200_10pct_oxygen_t3min_evil_twins_pluck_1_2_Pos5_RGB.tif","2024-08-05",5,35,"gb_start","gb_edge_right",413,540
"CROP_2024-08-05_L2_RGap_H200_10pct_oxygen_t3min_evil_twins_pluck_1_2_Pos6_RGB.tif","2024-08-05",6,30,"gb_start","gb_infolding",299,557
"CROP_2024-08-05_L2_RGap_H200_10pct_oxygen_t3min_evil_twins_pluck_1_2_Pos6_RGB.tif","2024-08-05",6,30,"gb_start","vitelline_posterior",295,570
"CROP_2024-08-05_L2_RGap_H200_10pct_oxygen_t3min_evil_twins_pluck_1_2_Pos6_RGB.tif","2024-08-05",6,30,"gb_start","gb_edge_left",285,561
"CROP_2024-08-05_L2_RGap_H200_10pct_oxygen_t3min_evil_twins_pluck_1_2_Pos6_RGB.tif","2024-08-05",6,30,"gb_start","gb_edge_right",319,573
"CROP_2024-08-05_L2_RGap_H200_10pct_oxygen_t3min_evil_twins_pluck_1_2_Pos7_RGB.tif","2024-08-05",7,27,"gb_start","gb_infolding",343,550
"CROP_2024-08-05_L2_RGap_H200_10pct_oxygen_t3min_evil_twins_pluck_1_2_Pos7_RGB.tif","2024-08-05",7,27,"gb_start","vitelline_posterior",346,575
"CROP_2024-08-05_L2_RGap_H200_10pct_oxygen_t3min_evil_twins_pluck_1_2_Pos7_RGB.tif","2024-08-05",7,27,"gb_start","gb_edge_left",321,576
"CROP_2024-08-05_L2_RGap_H200_10pct_oxygen_t3min_evil_twins_pluck_1_2_Pos7_RGB.tif","2024-08-05",7,27,"gb_start","gb_edge_right",366,560
"CROP_2024-08-05_L2_RGap_H200_10pct_oxygen_t3min_evil_twins_pluck_1_2_Pos8_RGB.tif","2024-08-05",8,29,"gb_start","gb_infolding",332,520
"CROP_2024-08-05_L2_RGap_H200_10pct_oxygen_t3min_evil_twins_pluck_1_2_Pos8_RGB.tif","2024-08-05",8,29,"gb_start","vitelline_posterior",355,553
"CROP_2024-08-05_L2_RGap_H200_10pct_oxygen_t3min_evil_twins_pluck_1_2_Pos8_RGB.tif","2024-08-05",8,29,"gb_start","gb_edge_left",340,557
"CROP_2024-08-05_L2_RGap_H200_10pct_oxygen_t3min_evil_twins_pluck_1_2_Pos8_RGB.tif","2024-08-05",8,29,"gb_start","gb_edge_right",368,539
"CROP_2024-08-05_L2_RGap_H200_10pct_oxygen_t3min_evil_twins_pluck_1_2_Pos9_RGB.tif","2024-08-05",9,31,"gb_start","gb_infolding",328,557
"CROP_2024-08-05_L2_RGap_H200_10pct_oxygen_t3min_evil_twins_pluck_1_2_Pos9_RGB.tif","2024-08-05",9,31,"gb_start","vitelline_posterior",331,581
"CROP_2024-08-05_L2_RGap_H200_10pct_oxygen_t3min_evil_twins_pluck_1_2_Pos9_RGB.tif","2024-08-05",9,31,"gb_start","gb_edge_left",303,583
"CROP_2024-08-05_L2_RGap_H200_10pct_oxygen_t3min_evil_twins_pluck_1_2_Pos9_RGB.tif","2024-08-05",9,31,"gb_start","gb_edge_right",346,569
"CROP_2024-08-05_L2_RGap_H200_10pct_oxygen_t3min_evil_twins_pluck_1_2_Pos10_RGB.tif","2024-08-05",10,27,"gb_start","gb_infolding",336,549
"CROP_2024-08-05_L2_RGap_H200_10pct_oxygen_t3min_evil_twins_pluck_1_2_Pos10_RGB.tif","2024-08-05",10,27,"gb_start","vitelline_posterior",346,574
"CROP_2024-08-05_L2_RGap_H200_10pct_oxygen_t3min_evil_twins_pluck_1_2_Pos10_RGB.tif","2024-08-05",10,27,"gb_start","gb_edge_left",324,576
"CROP_2024-08-05_L2_RGap_H200_10pct_oxygen_t3min_evil_twins_pluck_1_2_Pos10_RGB.tif","2024-08-05",10,27,"gb_start","gb_edge_right",364,564
"CROP_2024-08-05_L2_RGap_H200_10pct_oxygen_t3min_evil_twins_pluck_1_2_Pos11_RGB.tif","2024-08-05",11,27,"gb_start","gb_infolding",332,536
"CROP_2024-08-05_L2_RGap_H200_10pct_oxygen_t3min_evil_twins_pluck_1_2_Pos11_RGB.tif","2024-08-05",11,27,"gb_start","vitelline_posterior",332,570
"CROP_2024-08-05_L2_RGap_H200_10pct_oxygen_t3min_evil_twins_pluck_1_2_Pos11_RGB.tif","2024-08-05",11,27,"gb_start","gb_edge_left",314,562
"CROP_2024-08-05_L2_RGap_H200_10pct_oxygen_t3min_evil_twins_pluck_1_2_Pos11_RGB.tif","2024-08-05",11,27,"gb_start","gb_edge_right",354,560
"CROP_2024-08-05_L2_RGap_H200_10pct_oxygen_t3min_evil_twins_pluck_1_2_Pos12_RGB.tif","2024-08-05",12,29,"gb_start","gb_infolding",303,556
"CROP_2024-08-05_L2_RGap_H200_10pct_oxygen_t3min_evil_twins_pluck_1_2_Pos12_RGB.tif","2024-08-05",12,29,"gb_start","vitelline_posterior",297,578
"CROP_2024-08-05_L2_RGap_H200_10pct_oxygen_t3min_evil_twins_pluck_1_2_Pos12_RGB.tif","2024-08-05",12,29,"gb_start","gb_edge_left",273,566
"CROP_2024-08-05_L2_RGap_H200_10pct_oxygen_t3min_evil_twins_pluck_1_2_Pos12_RGB.tif","2024-08-05",12,29,"gb_start","gb_edge_right",325,572
"CROP_2024-08-05_L2_RGap_H200_10pct_oxygen_t3min_evil_twins_pluck_1_2_Pos13_RGB.tif","2024-08-05",13,40,"gb_start","gb_infolding",299,542
"CROP_2024-08-05_L2_RGap_H200_10pct_oxygen_t3min_evil_twins_pluck_1_2_Pos13_RGB.tif","2024-08-05",13,40,"gb_start","vitelline_posterior",294,570
"CROP_2024-08-05_L2_RGap_H200_10pct_oxygen_t3min_evil_twins_pluck_1_2_Pos13_RGB.tif","2024-08-05",13,40,"gb_start","gb_edge_left",279,563
"CROP_2024-08-05_L2_RGap_H200_10pct_oxygen_t3min_evil_twins_pluck_1_2_Pos13_RGB.tif","2024-08-05",13,40,"gb_start","gb_edge_right",315,568
"CROP_2024-08-05_L2_RGap_H200_10pct_oxygen_t3min_evil_twins_pluck_1_2_Pos14_RGB.tif","2024-08-05",14,24,"gb_start","gb_infolding",308,551
"CROP_2024-08-05_L2_RGap_H200_10pct_oxygen_t3min_evil_twins_pluck_1_2_Pos14_RGB.tif","2024-08-05",14,24,"gb_start","vitelline_posterior",307,568
"CROP_2024-08-05_L2_RGap_H200_10pct_oxygen_t3min_evil_twins_pluck_1_2_Pos14_RGB.tif","2024-08-05",14,24,"gb_start","gb_edge_left",288,561
"CROP_2024-08-05_L2_RGap_H200_10pct_oxygen_t3min_evil_twins_pluck_1_2_Pos14_RGB.tif","2024-08-05",14,24,"gb_start","gb_edge_right",324,563
"CROP_2024-08-05_L2_RGap_H200_10pct_oxygen_t3min_evil_twins_pluck_1_2_Pos15_RGB.tif","2024-08-05",15,42,"gb_start","gb_infolding",321,555
"CROP_2024-08-05_L2_RGap_H200_10pct_oxygen_t3min_evil_twins_pluck_1_2_Pos15_RGB.tif","2024-08-05",15,42,"gb_start","vitelline_posterior",330,587
"CROP_2024-08-05_L2_RGap_H200_10pct_oxygen_t3min_evil_twins_pluck_1_2_Pos15_RGB.tif","2024-08-05",15,42,"gb_start","gb_edge_left",300,587
"CROP_2024-08-05_L2_RGap_H200_10pct_oxygen_t3min_evil_twins_pluck_1_2_Pos15_RGB.tif","2024-08-05",15,42,"gb_start","gb_edge_right",351,570
"CROP_2024-08-05_L2_RGap_H200_10pct_oxygen_t3min_evil_twins_pluck_1_2_Pos16_RGB.tif","2024-08-05",16,14,"gb_start","gb_infolding",263,522
"CROP_2024-08-05_L2_RGap_H200_10pct_oxygen_t3min_evil_twins_pluck_1_2_Pos16_RGB.tif","2024-08-05",16,14,"gb_start","vitelline_posterior",260,560
"CROP_2024-08-05_L2_RGap_H200_10pct_oxygen_t3min_evil_twins_pluck_1_2_Pos16_RGB.tif","2024-08-05",16,14,"gb_start","gb_edge_left",241,546
"CROP_2024-08-05_L2_RGap_H200_10pct_oxygen_t3min_evil_twins_pluck_1_2_Pos16_RGB.tif","2024-08-05",16,14,"gb_start","gb_edge_right",292,555
"CROP_2024-08-05_L2_RGap_H200_10pct_oxygen_t3min_evil_twins_pluck_1_2_Pos17_RGB.tif","2024-08-05",17,32,"gb_start","gb_infolding",308,549
"CROP_2024-08-05_L2_RGap_H200_10pct_oxygen_t3min_evil_twins_pluck_1_2_Pos17_RGB.tif","2024-08-05",17,32,"gb_start","vitelline_posterior",318,575
"CROP_2024-08-05_L2_RGap_H200_10pct_oxygen_t3min_evil_twins_pluck_1_2_Pos17_RGB.tif","2024-08-05",17,32,"gb_start","gb_edge_left",295,574
"CROP_2024-08-05_L2_RGap_H200_10pct_oxygen_t3min_evil_twins_pluck_1_2_Pos17_RGB.tif","2024-08-05",17,32,"gb_start","gb_edge_right",343,562
"CROP_2024-08-05_L2_RGap_H200_10pct_oxygen_t3min_evil_twins_pluck_1_2_Pos18_RGB.tif","2024-08-05",18,38,"gb_start","gb_infolding",297,553
"CROP_2024-08-05_L2_RGap_H200_10pct_oxygen_t3min_evil_twins_pluck_1_2_Pos18_RGB.tif","2024-08-05",18,38,"gb_start","vitelline_posterior",298,572
"CROP_2024-08-05_L2_RGap_H200_10pct_oxygen_t3min_evil_twins_pluck_1_2_Pos18_RGB.tif","2024-08-05",18,38,"gb_start","gb_edge_left",291,565
"CROP_2024-08-05_L2_RGap_H200_10pct_oxygen_t3min_evil_twins_pluck_1_2_Pos18_RGB.tif","2024-08-05",18,38,"gb_start","gb_edge_right",319,575
"CROP_2024-08-05_L2_RGap_H200_10pct_oxygen_t3min_evil_twins_pluck_1_2_Pos19_RGB.tif","2024-08-05",19,33,"gb_start","gb_infolding",319,522
"CROP_2024-08-05_L2_RGap_H200_10pct_oxygen_t3min_evil_twins_pluck_1_2_Pos19_RGB.tif","2024-08-05",19,33,"gb_start","vitelline_posterior",321,563
"CROP_2024-08-05_L2_RGap_H200_10pct_oxygen_t3min_evil_twins_pluck_1_2_Pos19_RGB.tif","2024-08-05",19,33,"gb_start","gb_edge_left",290,554
"CROP_2024-08-05_L2_RGap_H200_10pct_oxygen_t3min_evil_twins_pluck_1_2_Pos19_RGB.tif","2024-08-05",19,33,"gb_start","gb_edge_right",345,548
"CROP_2024-08-05_L2_RGap_H200_10pct_oxygen_t3min_evil_twins_pluck_1_2_Pos20_RGB.tif","2024-08-05",20,33,"gb_start","gb_infolding",315,554
"CROP_2024-08-05_L2_RGap_H200_10pct_oxygen_t3min_evil_twins_pluck_1_2_Pos20_RGB.tif","2024-08-05",20,33,"gb_start","vitelline_posterior",320,574
"CROP_2024-08-05_L2_RGap_H200_10pct_oxygen_t3min_evil_twins_pluck_1_2_Pos20_RGB.tif","2024-08-05",20,33,"gb_start","gb_edge_left",285,574
"CROP_2024-08-05_L2_RGap_H200_10pct_oxygen_t3min_evil_twins_pluck_1_2_Pos20_RGB.tif","2024-08-05",20,33,"gb_start","gb_edge_right",341,558
"CROP_2024-08-05_L2_RGap_H200_10pct_oxygen_t3min_evil_twins_pluck_1_2_Pos21_RGB.tif","2024-08-05",21,40,"gb_start","gb_infolding",311,544
"CROP_2024-08-05_L2_RGap_H200_10pct_oxygen_t3min_evil_twins_pluck_1_2_Pos21_RGB.tif","2024-08-05",21,40,"gb_start","vitelline_posterior",311,570
"CROP_2024-08-05_L2_RGap_H200_10pct_oxygen_t3min_evil_twins_pluck_1_2_Pos21_RGB.tif","2024-08-05",21,40,"gb_start","gb_edge_left",283,559
"CROP_2024-08-05_L2_RGap_H200_10pct_oxygen_t3min_evil_twins_pluck_1_2_Pos21_RGB.tif","2024-08-05",21,40,"gb_start","gb_edge_right",331,565
"CROP_2024-08-05_L2_RGap_H200_10pct_oxygen_t3min_evil_twins_pluck_1_2_Pos22_RGB.tif","2024-08-05",22,31,"gb_start","gb_infolding",325,566
"CROP_2024-08-05_L2_RGap_H200_10pct_oxygen_t3min_evil_twins_pluck_1_2_Pos22_RGB.tif","2024-08-05",22,31,"gb_start","vitelline_posterior",326,585
"CROP_2024-08-05_L2_RGap_H200_10pct_oxygen_t3min_evil_twins_pluck_1_2_Pos22_RGB.tif","2024-08-05",22,31,"gb_start","gb_edge_left",312,578
"CROP_2024-08-05_L2_RGap_H200_10pct_oxygen_t3min_evil_twins_pluck_1_2_Pos22_RGB.tif","2024-08-05",22,31,"gb_start","gb_edge_right",345,583
"CROP_2024-08-05_L2_RGap_H200_10pct_oxygen_t3min_evil_twins_pluck_1_2_Pos23_RGB.tif","2024-08-05",23,34,"gb_start","gb_infolding",289,555
"CROP_2024-08-05_L2_RGap_H200_10pct_oxygen_t3min_evil_twins_pluck_1_2_Pos23_RGB.tif","2024-08-05",23,34,"gb_start","vitelline_posterior",292,585
"CROP_2024-08-05_L2_RGap_H200_10pct_oxygen_t3min_evil_twins_pluck_1_2_Pos23_RGB.tif","2024-08-05",23,34,"gb_start","gb_edge_left",266,579
"CROP_2024-08-05_L2_RGap_H200_10pct_oxygen_t3min_evil_twins_pluck_1_2_Pos23_RGB.tif","2024-08-05",23,34,"gb_start","gb_edge_right",314,573
"CROP_2024-08-05_L2_RGap_H200_10pct_oxygen_t3min_evil_twins_pluck_1_2_Pos24_RGB.tif","2024-08-05",24,27,"gb_start","gb_infolding",282,543
"CROP_2024-08-05_L2_RGap_H200_10pct_oxygen_t3min_evil_twins_pluck_1_2_Pos24_RGB.tif","2024-08-05",24,27,"gb_start","vitelline_posterior",279,555
"CROP_2024-08-05_L2_RGap_H200_10pct_oxygen_t3min_evil_twins_pluck_1_2_Pos24_RGB.tif","2024-08-05",24,27,"gb_start","gb_edge_left",273,551
"CROP_2024-08-05_L2_RGap_H200_10pct_oxygen_t3min_evil_twins_pluck_1_2_Pos24_RGB.tif","2024-08-05",24,27,"gb_start","gb_edge_right",288,558
