"date","dataset","position","condition","event","time","pct"
"2024-07-18","CROP_2024-07-18_L2_RGap_H200_10pct_oxygen_t3min_evil_twins_pluck_1_2_Pos3_RGB.tif",3,"control","gastrulation",0,0
"2024-07-18","CROP_2024-07-18_L2_RGap_H200_10pct_oxygen_t3min_evil_twins_pluck_1_2_Pos5_RGB.tif",5,"control","gastrulation",0,0
"2024-07-18","CROP_2024-07-18_L2_RGap_H200_10pct_oxygen_t3min_evil_twins_pluck_1_2_Pos7_RGB.tif",7,"control","gastrulation",0,0
"2024-07-18","CROP_2024-07-18_L2_RGap_H200_10pct_oxygen_t3min_evil_twins_pluck_1_2_Pos9_RGB.tif",9,"control","gastrulation",0,0
"2024-07-18","CROP_2024-07-18_L2_RGap_H200_10pct_oxygen_t3min_evil_twins_pluck_1_2_Pos11_RGB.tif",11,"control","gastrulation",0,0
"2024-07-18","CROP_2024-07-18_L2_RGap_H200_10pct_oxygen_t3min_evil_twins_pluck_1_2_Pos13_RGB.tif",13,"control","gastrulation",0,0
"2024-07-18","CROP_2024-07-18_L2_RGap_H200_10pct_oxygen_t3min_evil_twins_pluck_1_2_Pos17_RGB.tif",17,"control","gastrulation",0,0
"2024-07-18","CROP_2024-07-18_L2_RGap_H200_10pct_oxygen_t3min_evil_twins_pluck_1_2_Pos20_RGB.tif",20,"control","gastrulation",0,0
"2024-07-18","CROP_2024-07-18_L2_RGap_H200_10pct_oxygen_t3min_evil_twins_pluck_1_2_Pos22_RGB.tif",22,"control","gastrulation",0,0
"2024-07-18","CROP_2024-07-18_L2_RGap_H200_10pct_oxygen_t3min_evil_twins_pluck_1_2_Pos2_RGB.tif",2,"evil_twins","gastrulation",0,0
"2024-07-18","CROP_2024-07-18_L2_RGap_H200_10pct_oxygen_t3min_evil_twins_pluck_1_2_Pos4_RGB.tif",4,"evil_twins","gastrulation",0,0
"2024-07-18","CROP_2024-07-18_L2_RGap_H200_10pct_oxygen_t3min_evil_twins_pluck_1_2_Pos6_RGB.tif",6,"evil_twins","gastrulation",0,0
"2024-07-18","CROP_2024-07-18_L2_RGap_H200_10pct_oxygen_t3min_evil_twins_pluck_1_2_Pos8_RGB.tif",8,"evil_twins","gastrulation",0,0
"2024-07-18","CROP_2024-07-18_L2_RGap_H200_10pct_oxygen_t3min_evil_twins_pluck_1_2_Pos10_RGB.tif",10,"evil_twins","gastrulation",0,0
"2024-07-18","CROP_2024-07-18_L2_RGap_H200_10pct_oxygen_t3min_evil_twins_pluck_1_2_Pos12_RGB.tif",12,"evil_twins","gastrulation",0,0
"2024-07-18","CROP_2024-07-18_L2_RGap_H200_10pct_oxygen_t3min_evil_twins_pluck_1_2_Pos15_RGB.tif",15,"evil_twins","gastrulation",0,0
"2024-07-18","CROP_2024-07-18_L2_RGap_H200_10pct_oxygen_t3min_evil_twins_pluck_1_2_Pos19_RGB.tif",19,"evil_twins","gastrulation",0,0
"2024-07-18","CROP_2024-07-18_L2_RGap_H200_10pct_oxygen_t3min_evil_twins_pluck_1_2_Pos21_RGB.tif",21,"evil_twins","gastrulation",0,0
"2024-07-18","CROP_2024-07-18_L2_RGap_H200_10pct_oxygen_t3min_evil_twins_pluck_1_2_Pos3_RGB.tif",3,"control","cf_folding_start",0.05,0.296208530805687
"2024-07-18","CROP_2024-07-18_L2_RGap_H200_10pct_oxygen_t3min_evil_twins_pluck_1_2_Pos5_RGB.tif",5,"control","cf_folding_start",-0.05,-0.303398058252427
"2024-07-18","CROP_2024-07-18_L2_RGap_H200_10pct_oxygen_t3min_evil_twins_pluck_1_2_Pos7_RGB.tif",7,"control","cf_folding_start",0.15,0.904704463208685
"2024-07-18","CROP_2024-07-18_L2_RGap_H200_10pct_oxygen_t3min_evil_twins_pluck_1_2_Pos9_RGB.tif",9,"control","cf_folding_start",0,0
"2024-07-18","CROP_2024-07-18_L2_RGap_H200_10pct_oxygen_t3min_evil_twins_pluck_1_2_Pos11_RGB.tif",11,"control","cf_folding_start",0.05,0.300661455201443
"2024-07-18","CROP_2024-07-18_L2_RGap_H200_10pct_oxygen_t3min_evil_twins_pluck_1_2_Pos13_RGB.tif",13,"control","cf_folding_start",0.05,0.313873195229127
"2024-07-18","CROP_2024-07-18_L2_RGap_H200_10pct_oxygen_t3min_evil_twins_pluck_1_2_Pos17_RGB.tif",17,"control","cf_folding_start",0.05,0.297973778307509
"2024-07-18","CROP_2024-07-18_L2_RGap_H200_10pct_oxygen_t3min_evil_twins_pluck_1_2_Pos20_RGB.tif",20,"control","cf_folding_start",-0.05,-0.286861732644865
"2024-07-18","CROP_2024-07-18_L2_RGap_H200_10pct_oxygen_t3min_evil_twins_pluck_1_2_Pos22_RGB.tif",22,"control","cf_folding_start",0,0
"2024-07-18","CROP_2024-07-18_L2_RGap_H200_10pct_oxygen_t3min_evil_twins_pluck_1_2_Pos2_RGB.tif",2,"evil_twins","cf_folding_start",0.5,2.86861732644865
"2024-07-18","CROP_2024-07-18_L2_RGap_H200_10pct_oxygen_t3min_evil_twins_pluck_1_2_Pos4_RGB.tif",4,"evil_twins","cf_folding_start",0.58,3.10492505353319
"2024-07-18","CROP_2024-07-18_L2_RGap_H200_10pct_oxygen_t3min_evil_twins_pluck_1_2_Pos6_RGB.tif",6,"evil_twins","cf_folding_start",0.7,4.0045766590389
"2024-07-18","CROP_2024-07-18_L2_RGap_H200_10pct_oxygen_t3min_evil_twins_pluck_1_2_Pos8_RGB.tif",8,"evil_twins","cf_folding_start",0.63,3.71024734982332
"2024-07-18","CROP_2024-07-18_L2_RGap_H200_10pct_oxygen_t3min_evil_twins_pluck_1_2_Pos10_RGB.tif",10,"evil_twins","cf_folding_start",0.45,2.68977884040646
"2024-07-18","CROP_2024-07-18_L2_RGap_H200_10pct_oxygen_t3min_evil_twins_pluck_1_2_Pos12_RGB.tif",12,"evil_twins","cf_folding_start",0.35,1.97405527354766
"2024-07-18","CROP_2024-07-18_L2_RGap_H200_10pct_oxygen_t3min_evil_twins_pluck_1_2_Pos15_RGB.tif",15,"evil_twins","cf_folding_start",0.45,2.46845858475041
"2024-07-18","CROP_2024-07-18_L2_RGap_H200_10pct_oxygen_t3min_evil_twins_pluck_1_2_Pos19_RGB.tif",19,"evil_twins","cf_folding_start",0.5,2.94464075382803
"2024-07-18","CROP_2024-07-18_L2_RGap_H200_10pct_oxygen_t3min_evil_twins_pluck_1_2_Pos21_RGB.tif",21,"evil_twins","cf_folding_start",0.68,3.93518518518519
"2024-07-18","CROP_2024-07-18_L2_RGap_H200_10pct_oxygen_t3min_evil_twins_pluck_1_2_Pos3_RGB.tif",3,"control","gb_retraction_end",6.18,36.6113744075829
"2024-07-18","CROP_2024-07-18_L2_RGap_H200_10pct_oxygen_t3min_evil_twins_pluck_1_2_Pos5_RGB.tif",5,"control","gb_retraction_end",6.13,37.1966019417476
"2024-07-18","CROP_2024-07-18_L2_RGap_H200_10pct_oxygen_t3min_evil_twins_pluck_1_2_Pos7_RGB.tif",7,"control","gb_retraction_end",6.18,37.2738238841978
"2024-07-18","CROP_2024-07-18_L2_RGap_H200_10pct_oxygen_t3min_evil_twins_pluck_1_2_Pos9_RGB.tif",9,"control","gb_retraction_end",6.18,35.8676726639582
"2024-07-18","CROP_2024-07-18_L2_RGap_H200_10pct_oxygen_t3min_evil_twins_pluck_1_2_Pos11_RGB.tif",11,"control","gb_retraction_end",6.18,37.1617558628984
"2024-07-18","CROP_2024-07-18_L2_RGap_H200_10pct_oxygen_t3min_evil_twins_pluck_1_2_Pos13_RGB.tif",13,"control","gb_retraction_end",6.18,38.7947269303202
"2024-07-18","CROP_2024-07-18_L2_RGap_H200_10pct_oxygen_t3min_evil_twins_pluck_1_2_Pos17_RGB.tif",17,"control","gb_retraction_end",6.03,35.9356376638856
"2024-07-18","CROP_2024-07-18_L2_RGap_H200_10pct_oxygen_t3min_evil_twins_pluck_1_2_Pos20_RGB.tif",20,"control","gb_retraction_end",6.08,34.8823866896156
"2024-07-18","CROP_2024-07-18_L2_RGap_H200_10pct_oxygen_t3min_evil_twins_pluck_1_2_Pos22_RGB.tif",22,"control","gb_retraction_end",5.98,35.9591100420926
"2024-07-18","CROP_2024-07-18_L2_RGap_H200_10pct_oxygen_t3min_evil_twins_pluck_1_2_Pos2_RGB.tif",2,"evil_twins","gb_retraction_end",6.63,38.0378657487091
"2024-07-18","CROP_2024-07-18_L2_RGap_H200_10pct_oxygen_t3min_evil_twins_pluck_1_2_Pos4_RGB.tif",4,"evil_twins","gb_retraction_end",6.48,34.6895074946467
"2024-07-18","CROP_2024-07-18_L2_RGap_H200_10pct_oxygen_t3min_evil_twins_pluck_1_2_Pos6_RGB.tif",6,"evil_twins","gb_retraction_end",6.53,37.3569794050343
"2024-07-18","CROP_2024-07-18_L2_RGap_H200_10pct_oxygen_t3min_evil_twins_pluck_1_2_Pos8_RGB.tif",8,"evil_twins","gb_retraction_end",6.28,36.9846878680801
"2024-07-18","CROP_2024-07-18_L2_RGap_H200_10pct_oxygen_t3min_evil_twins_pluck_1_2_Pos10_RGB.tif",10,"evil_twins","gb_retraction_end",6.63,39.6294082486551
"2024-07-18","CROP_2024-07-18_L2_RGap_H200_10pct_oxygen_t3min_evil_twins_pluck_1_2_Pos12_RGB.tif",12,"evil_twins","gb_retraction_end",6.88,38.8042865200226
"2024-07-18","CROP_2024-07-18_L2_RGap_H200_10pct_oxygen_t3min_evil_twins_pluck_1_2_Pos15_RGB.tif",15,"evil_twins","gb_retraction_end",6.78,37.1914426769062
"2024-07-18","CROP_2024-07-18_L2_RGap_H200_10pct_oxygen_t3min_evil_twins_pluck_1_2_Pos19_RGB.tif",19,"evil_twins","gb_retraction_end",6.28,36.9846878680801
"2024-07-18","CROP_2024-07-18_L2_RGap_H200_10pct_oxygen_t3min_evil_twins_pluck_1_2_Pos21_RGB.tif",21,"evil_twins","gb_retraction_end",6.48,37.5
"2024-07-18","CROP_2024-07-18_L2_RGap_H200_10pct_oxygen_t3min_evil_twins_pluck_1_2_Pos3_RGB.tif",3,"control","hatching",16.88,100
"2024-07-18","CROP_2024-07-18_L2_RGap_H200_10pct_oxygen_t3min_evil_twins_pluck_1_2_Pos5_RGB.tif",5,"control","hatching",16.48,100
"2024-07-18","CROP_2024-07-18_L2_RGap_H200_10pct_oxygen_t3min_evil_twins_pluck_1_2_Pos7_RGB.tif",7,"control","hatching",16.58,100
"2024-07-18","CROP_2024-07-18_L2_RGap_H200_10pct_oxygen_t3min_evil_twins_pluck_1_2_Pos9_RGB.tif",9,"control","hatching",17.23,100
"2024-07-18","CROP_2024-07-18_L2_RGap_H200_10pct_oxygen_t3min_evil_twins_pluck_1_2_Pos11_RGB.tif",11,"control","hatching",16.63,100
"2024-07-18","CROP_2024-07-18_L2_RGap_H200_10pct_oxygen_t3min_evil_twins_pluck_1_2_Pos13_RGB.tif",13,"control","hatching",15.93,100
"2024-07-18","CROP_2024-07-18_L2_RGap_H200_10pct_oxygen_t3min_evil_twins_pluck_1_2_Pos17_RGB.tif",17,"control","hatching",16.78,100
"2024-07-18","CROP_2024-07-18_L2_RGap_H200_10pct_oxygen_t3min_evil_twins_pluck_1_2_Pos20_RGB.tif",20,"control","hatching",17.43,100
"2024-07-18","CROP_2024-07-18_L2_RGap_H200_10pct_oxygen_t3min_evil_twins_pluck_1_2_Pos22_RGB.tif",22,"control","hatching",16.63,100
"2024-07-18","CROP_2024-07-18_L2_RGap_H200_10pct_oxygen_t3min_evil_twins_pluck_1_2_Pos2_RGB.tif",2,"evil_twins","hatching",17.43,100
"2024-07-18","CROP_2024-07-18_L2_RGap_H200_10pct_oxygen_t3min_evil_twins_pluck_1_2_Pos4_RGB.tif",4,"evil_twins","hatching",18.68,100
"2024-07-18","CROP_2024-07-18_L2_RGap_H200_10pct_oxygen_t3min_evil_twins_pluck_1_2_Pos6_RGB.tif",6,"evil_twins","hatching",17.48,100
"2024-07-18","CROP_2024-07-18_L2_RGap_H200_10pct_oxygen_t3min_evil_twins_pluck_1_2_Pos8_RGB.tif",8,"evil_twins","hatching",16.98,100
"2024-07-18","CROP_2024-07-18_L2_RGap_H200_10pct_oxygen_t3min_evil_twins_pluck_1_2_Pos10_RGB.tif",10,"evil_twins","hatching",16.73,100
"2024-07-18","CROP_2024-07-18_L2_RGap_H200_10pct_oxygen_t3min_evil_twins_pluck_1_2_Pos12_RGB.tif",12,"evil_twins","hatching",17.73,100
"2024-07-18","CROP_2024-07-18_L2_RGap_H200_10pct_oxygen_t3min_evil_twins_pluck_1_2_Pos15_RGB.tif",15,"evil_twins","hatching",18.23,100
"2024-07-18","CROP_2024-07-18_L2_RGap_H200_10pct_oxygen_t3min_evil_twins_pluck_1_2_Pos19_RGB.tif",19,"evil_twins","hatching",16.98,100
"2024-07-18","CROP_2024-07-18_L2_RGap_H200_10pct_oxygen_t3min_evil_twins_pluck_1_2_Pos21_RGB.tif",21,"evil_twins","hatching",17.28,100
"2024-07-25","CROP_2024-07-25_L2_RGap_H200_10pct_oxygen_t3min_evil_twins_pluck_1_2_Pos5_RGB.tif",5,"control","gastrulation",0,0
"2024-07-25","CROP_2024-07-25_L2_RGap_H200_10pct_oxygen_t3min_evil_twins_pluck_1_2_Pos10_RGB.tif",10,"control","gastrulation",0,0
"2024-07-25","CROP_2024-07-25_L2_RGap_H200_10pct_oxygen_t3min_evil_twins_pluck_1_2_Pos13_RGB.tif",13,"control","gastrulation",0,0
"2024-07-25","CROP_2024-07-25_L2_RGap_H200_10pct_oxygen_t3min_evil_twins_pluck_1_2_Pos17_RGB.tif",17,"control","gastrulation",0,0
"2024-07-25","CROP_2024-07-25_L2_RGap_H200_10pct_oxygen_t3min_evil_twins_pluck_1_2_Pos19_RGB.tif",19,"control","gastrulation",0,0
"2024-07-25","CROP_2024-07-25_L2_RGap_H200_10pct_oxygen_t3min_evil_twins_pluck_1_2_Pos21_RGB.tif",21,"control","gastrulation",0,0
"2024-07-25","CROP_2024-07-25_L2_RGap_H200_10pct_oxygen_t3min_evil_twins_pluck_1_2_Pos23_RGB.tif",23,"control","gastrulation",0,0
"2024-07-25","CROP_2024-07-25_L2_RGap_H200_10pct_oxygen_t3min_evil_twins_pluck_1_2_Pos1_RGB.tif",1,"evil_twins","gastrulation",0,0
"2024-07-25","CROP_2024-07-25_L2_RGap_H200_10pct_oxygen_t3min_evil_twins_pluck_1_2_Pos6_RGB.tif",6,"evil_twins","gastrulation",0,0
"2024-07-25","CROP_2024-07-25_L2_RGap_H200_10pct_oxygen_t3min_evil_twins_pluck_1_2_Pos8_RGB.tif",8,"evil_twins","gastrulation",0,0
"2024-07-25","CROP_2024-07-25_L2_RGap_H200_10pct_oxygen_t3min_evil_twins_pluck_1_2_Pos9_RGB.tif",9,"evil_twins","gastrulation",0,0
"2024-07-25","CROP_2024-07-25_L2_RGap_H200_10pct_oxygen_t3min_evil_twins_pluck_1_2_Pos11_RGB.tif",11,"evil_twins","gastrulation",0,0
"2024-07-25","CROP_2024-07-25_L2_RGap_H200_10pct_oxygen_t3min_evil_twins_pluck_1_2_Pos12_RGB.tif",12,"evil_twins","gastrulation",0,0
"2024-07-25","CROP_2024-07-25_L2_RGap_H200_10pct_oxygen_t3min_evil_twins_pluck_1_2_Pos14_RGB.tif",14,"evil_twins","gastrulation",0,0
"2024-07-25","CROP_2024-07-25_L2_RGap_H200_10pct_oxygen_t3min_evil_twins_pluck_1_2_Pos15_RGB.tif",15,"evil_twins","gastrulation",0,0
"2024-07-25","CROP_2024-07-25_L2_RGap_H200_10pct_oxygen_t3min_evil_twins_pluck_1_2_Pos22_RGB.tif",22,"evil_twins","gastrulation",0,0
"2024-07-25","CROP_2024-07-25_L2_RGap_H200_10pct_oxygen_t3min_evil_twins_pluck_1_2_Pos25_RGB.tif",25,"evil_twins","gastrulation",0,0
"2024-07-25","CROP_2024-07-25_L2_RGap_H200_10pct_oxygen_t3min_evil_twins_pluck_1_2_Pos5_RGB.tif",5,"control","cf_folding_start",-0.05,-0.278086763070078
"2024-07-25","CROP_2024-07-25_L2_RGap_H200_10pct_oxygen_t3min_evil_twins_pluck_1_2_Pos10_RGB.tif",10,"control","cf_folding_start",-0.05,-0.271296798697775
"2024-07-25","CROP_2024-07-25_L2_RGap_H200_10pct_oxygen_t3min_evil_twins_pluck_1_2_Pos13_RGB.tif",13,"control","cf_folding_start",0,0
"2024-07-25","CROP_2024-07-25_L2_RGap_H200_10pct_oxygen_t3min_evil_twins_pluck_1_2_Pos17_RGB.tif",17,"control","cf_folding_start",0,0
"2024-07-25","CROP_2024-07-25_L2_RGap_H200_10pct_oxygen_t3min_evil_twins_pluck_1_2_Pos19_RGB.tif",19,"control","cf_folding_start",0,0
"2024-07-25","CROP_2024-07-25_L2_RGap_H200_10pct_oxygen_t3min_evil_twins_pluck_1_2_Pos21_RGB.tif",21,"control","cf_folding_start",-0.05,-0.275785990071704
"2024-07-25","CROP_2024-07-25_L2_RGap_H200_10pct_oxygen_t3min_evil_twins_pluck_1_2_Pos23_RGB.tif",23,"control","cf_folding_start",0,0
"2024-07-25","CROP_2024-07-25_L2_RGap_H200_10pct_oxygen_t3min_evil_twins_pluck_1_2_Pos1_RGB.tif",1,"evil_twins","cf_folding_start",0.93,4.89989462592202
"2024-07-25","CROP_2024-07-25_L2_RGap_H200_10pct_oxygen_t3min_evil_twins_pluck_1_2_Pos6_RGB.tif",6,"evil_twins","cf_folding_start",0.65,3.44279661016949
"2024-07-25","CROP_2024-07-25_L2_RGap_H200_10pct_oxygen_t3min_evil_twins_pluck_1_2_Pos8_RGB.tif",8,"evil_twins","cf_folding_start",0.73,3.90792291220557
"2024-07-25","CROP_2024-07-25_L2_RGap_H200_10pct_oxygen_t3min_evil_twins_pluck_1_2_Pos9_RGB.tif",9,"evil_twins","cf_folding_start",0.58,3.06391970417327
"2024-07-25","CROP_2024-07-25_L2_RGap_H200_10pct_oxygen_t3min_evil_twins_pluck_1_2_Pos11_RGB.tif",11,"evil_twins","cf_folding_start",0.78,4.14232607541158
"2024-07-25","CROP_2024-07-25_L2_RGap_H200_10pct_oxygen_t3min_evil_twins_pluck_1_2_Pos12_RGB.tif",12,"evil_twins","cf_folding_start",0.55,2.97619047619048
"2024-07-25","CROP_2024-07-25_L2_RGap_H200_10pct_oxygen_t3min_evil_twins_pluck_1_2_Pos14_RGB.tif",14,"evil_twins","cf_folding_start",0,0
"2024-07-25","CROP_2024-07-25_L2_RGap_H200_10pct_oxygen_t3min_evil_twins_pluck_1_2_Pos15_RGB.tif",15,"evil_twins","cf_folding_start",0.7,3.40136054421769
"2024-07-25","CROP_2024-07-25_L2_RGap_H200_10pct_oxygen_t3min_evil_twins_pluck_1_2_Pos22_RGB.tif",22,"evil_twins","cf_folding_start",0.5,2.73522975929978
"2024-07-25","CROP_2024-07-25_L2_RGap_H200_10pct_oxygen_t3min_evil_twins_pluck_1_2_Pos25_RGB.tif",25,"evil_twins","cf_folding_start",0.6,3.21199143468951
"2024-07-25","CROP_2024-07-25_L2_RGap_H200_10pct_oxygen_t3min_evil_twins_pluck_1_2_Pos5_RGB.tif",5,"control","gb_extension_start",0.2,1.11234705228031
"2024-07-25","CROP_2024-07-25_L2_RGap_H200_10pct_oxygen_t3min_evil_twins_pluck_1_2_Pos10_RGB.tif",10,"control","gb_extension_start",0.25,1.35648399348888
"2024-07-25","CROP_2024-07-25_L2_RGap_H200_10pct_oxygen_t3min_evil_twins_pluck_1_2_Pos13_RGB.tif",13,"control","gb_extension_start",0.3,1.63220892274211
"2024-07-25","CROP_2024-07-25_L2_RGap_H200_10pct_oxygen_t3min_evil_twins_pluck_1_2_Pos17_RGB.tif",17,"control","gb_extension_start",0.25,1.40213123948402
"2024-07-25","CROP_2024-07-25_L2_RGap_H200_10pct_oxygen_t3min_evil_twins_pluck_1_2_Pos19_RGB.tif",19,"control","gb_extension_start",0.25,1.38274336283186
"2024-07-25","CROP_2024-07-25_L2_RGap_H200_10pct_oxygen_t3min_evil_twins_pluck_1_2_Pos21_RGB.tif",21,"control","gb_extension_start",0.25,1.37892995035852
"2024-07-25","CROP_2024-07-25_L2_RGap_H200_10pct_oxygen_t3min_evil_twins_pluck_1_2_Pos23_RGB.tif",23,"control","gb_extension_start",0.3,1.64563905650027
"2024-07-25","CROP_2024-07-25_L2_RGap_H200_10pct_oxygen_t3min_evil_twins_pluck_1_2_Pos1_RGB.tif",1,"evil_twins","gb_extension_start",0.3,1.58061116965227
"2024-07-25","CROP_2024-07-25_L2_RGap_H200_10pct_oxygen_t3min_evil_twins_pluck_1_2_Pos6_RGB.tif",6,"evil_twins","gb_extension_start",0.25,1.32415254237288
"2024-07-25","CROP_2024-07-25_L2_RGap_H200_10pct_oxygen_t3min_evil_twins_pluck_1_2_Pos8_RGB.tif",8,"evil_twins","gb_extension_start",0.25,1.33832976445396
"2024-07-25","CROP_2024-07-25_L2_RGap_H200_10pct_oxygen_t3min_evil_twins_pluck_1_2_Pos9_RGB.tif",9,"evil_twins","gb_extension_start",0.2,1.05652403592182
"2024-07-25","CROP_2024-07-25_L2_RGap_H200_10pct_oxygen_t3min_evil_twins_pluck_1_2_Pos11_RGB.tif",11,"evil_twins","gb_extension_start",0.3,1.59320233669676
"2024-07-25","CROP_2024-07-25_L2_RGap_H200_10pct_oxygen_t3min_evil_twins_pluck_1_2_Pos12_RGB.tif",12,"evil_twins","gb_extension_start",0.3,1.62337662337662
"2024-07-25","CROP_2024-07-25_L2_RGap_H200_10pct_oxygen_t3min_evil_twins_pluck_1_2_Pos14_RGB.tif",14,"evil_twins","gb_extension_start",0.25,1.26710593005575
"2024-07-25","CROP_2024-07-25_L2_RGap_H200_10pct_oxygen_t3min_evil_twins_pluck_1_2_Pos15_RGB.tif",15,"evil_twins","gb_extension_start",0.35,1.70068027210884
"2024-07-25","CROP_2024-07-25_L2_RGap_H200_10pct_oxygen_t3min_evil_twins_pluck_1_2_Pos22_RGB.tif",22,"evil_twins","gb_extension_start",0.25,1.36761487964989
"2024-07-25","CROP_2024-07-25_L2_RGap_H200_10pct_oxygen_t3min_evil_twins_pluck_1_2_Pos25_RGB.tif",25,"evil_twins","gb_extension_start",0.35,1.87366167023555
"2024-07-25","CROP_2024-07-25_L2_RGap_H200_10pct_oxygen_t3min_evil_twins_pluck_1_2_Pos5_RGB.tif",5,"control","gb_extension_end",2.63,14.6273637374861
"2024-07-25","CROP_2024-07-25_L2_RGap_H200_10pct_oxygen_t3min_evil_twins_pluck_1_2_Pos10_RGB.tif",10,"control","gb_extension_end",2.78,15.0841020075963
"2024-07-25","CROP_2024-07-25_L2_RGap_H200_10pct_oxygen_t3min_evil_twins_pluck_1_2_Pos13_RGB.tif",13,"control","gb_extension_end",3.38,18.3895538628945
"2024-07-25","CROP_2024-07-25_L2_RGap_H200_10pct_oxygen_t3min_evil_twins_pluck_1_2_Pos17_RGB.tif",17,"control","gb_extension_end",2.63,14.7504206393718
"2024-07-25","CROP_2024-07-25_L2_RGap_H200_10pct_oxygen_t3min_evil_twins_pluck_1_2_Pos19_RGB.tif",19,"control","gb_extension_end",2.98,16.4823008849558
"2024-07-25","CROP_2024-07-25_L2_RGap_H200_10pct_oxygen_t3min_evil_twins_pluck_1_2_Pos21_RGB.tif",21,"control","gb_extension_end",2.88,15.8852730281302
"2024-07-25","CROP_2024-07-25_L2_RGap_H200_10pct_oxygen_t3min_evil_twins_pluck_1_2_Pos23_RGB.tif",23,"control","gb_extension_end",3.23,17.7180471749863
"2024-07-25","CROP_2024-07-25_L2_RGap_H200_10pct_oxygen_t3min_evil_twins_pluck_1_2_Pos1_RGB.tif",1,"evil_twins","gb_extension_end",1.98,10.432033719705
"2024-07-25","CROP_2024-07-25_L2_RGap_H200_10pct_oxygen_t3min_evil_twins_pluck_1_2_Pos6_RGB.tif",6,"evil_twins","gb_extension_end",2.98,15.7838983050847
"2024-07-25","CROP_2024-07-25_L2_RGap_H200_10pct_oxygen_t3min_evil_twins_pluck_1_2_Pos8_RGB.tif",8,"evil_twins","gb_extension_end",2.38,12.7408993576017
"2024-07-25","CROP_2024-07-25_L2_RGap_H200_10pct_oxygen_t3min_evil_twins_pluck_1_2_Pos9_RGB.tif",9,"evil_twins","gb_extension_end",2.48,13.1008980454305
"2024-07-25","CROP_2024-07-25_L2_RGap_H200_10pct_oxygen_t3min_evil_twins_pluck_1_2_Pos11_RGB.tif",11,"evil_twins","gb_extension_end",3.03,16.0913436006373
"2024-07-25","CROP_2024-07-25_L2_RGap_H200_10pct_oxygen_t3min_evil_twins_pluck_1_2_Pos12_RGB.tif",12,"evil_twins","gb_extension_end",2.88,15.5844155844156
"2024-07-25","CROP_2024-07-25_L2_RGap_H200_10pct_oxygen_t3min_evil_twins_pluck_1_2_Pos14_RGB.tif",14,"evil_twins","gb_extension_end",3.03,15.3573238722757
"2024-07-25","CROP_2024-07-25_L2_RGap_H200_10pct_oxygen_t3min_evil_twins_pluck_1_2_Pos15_RGB.tif",15,"evil_twins","gb_extension_end",3.28,15.9378036929057
"2024-07-25","CROP_2024-07-25_L2_RGap_H200_10pct_oxygen_t3min_evil_twins_pluck_1_2_Pos22_RGB.tif",22,"evil_twins","gb_extension_end",3.03,16.5754923413567
"2024-07-25","CROP_2024-07-25_L2_RGap_H200_10pct_oxygen_t3min_evil_twins_pluck_1_2_Pos25_RGB.tif",25,"evil_twins","gb_extension_end",3.13,16.7558886509636
"2024-07-25","CROP_2024-07-25_L2_RGap_H200_10pct_oxygen_t3min_evil_twins_pluck_1_2_Pos5_RGB.tif",5,"control","gb_retraction_start",3.58,19.9110122358176
"2024-07-25","CROP_2024-07-25_L2_RGap_H200_10pct_oxygen_t3min_evil_twins_pluck_1_2_Pos10_RGB.tif",10,"control","gb_retraction_start",3.63,19.6961475854585
"2024-07-25","CROP_2024-07-25_L2_RGap_H200_10pct_oxygen_t3min_evil_twins_pluck_1_2_Pos13_RGB.tif",13,"control","gb_retraction_start",4.03,21.9260065288357
"2024-07-25","CROP_2024-07-25_L2_RGap_H200_10pct_oxygen_t3min_evil_twins_pluck_1_2_Pos17_RGB.tif",17,"control","gb_retraction_start",2.68,15.0308468872687
"2024-07-25","CROP_2024-07-25_L2_RGap_H200_10pct_oxygen_t3min_evil_twins_pluck_1_2_Pos19_RGB.tif",19,"control","gb_retraction_start",3.08,17.0353982300885
"2024-07-25","CROP_2024-07-25_L2_RGap_H200_10pct_oxygen_t3min_evil_twins_pluck_1_2_Pos21_RGB.tif",21,"control","gb_retraction_start",4.23,23.3314947600662
"2024-07-25","CROP_2024-07-25_L2_RGap_H200_10pct_oxygen_t3min_evil_twins_pluck_1_2_Pos23_RGB.tif",23,"control","gb_retraction_start",4.58,25.1234229292375
"2024-07-25","CROP_2024-07-25_L2_RGap_H200_10pct_oxygen_t3min_evil_twins_pluck_1_2_Pos1_RGB.tif",1,"evil_twins","gb_retraction_start",5.13,27.0284510010537
"2024-07-25","CROP_2024-07-25_L2_RGap_H200_10pct_oxygen_t3min_evil_twins_pluck_1_2_Pos6_RGB.tif",6,"evil_twins","gb_retraction_start",4.13,21.875
"2024-07-25","CROP_2024-07-25_L2_RGap_H200_10pct_oxygen_t3min_evil_twins_pluck_1_2_Pos8_RGB.tif",8,"evil_twins","gb_retraction_start",4.68,25.0535331905782
"2024-07-25","CROP_2024-07-25_L2_RGap_H200_10pct_oxygen_t3min_evil_twins_pluck_1_2_Pos9_RGB.tif",9,"evil_twins","gb_retraction_start",4.03,21.2889593238246
"2024-07-25","CROP_2024-07-25_L2_RGap_H200_10pct_oxygen_t3min_evil_twins_pluck_1_2_Pos11_RGB.tif",11,"evil_twins","gb_retraction_start",4.48,23.7918215613383
"2024-07-25","CROP_2024-07-25_L2_RGap_H200_10pct_oxygen_t3min_evil_twins_pluck_1_2_Pos12_RGB.tif",12,"evil_twins","gb_retraction_start",4.53,24.512987012987
"2024-07-25","CROP_2024-07-25_L2_RGap_H200_10pct_oxygen_t3min_evil_twins_pluck_1_2_Pos14_RGB.tif",14,"evil_twins","gb_retraction_start",4.83,24.4804865686771
"2024-07-25","CROP_2024-07-25_L2_RGap_H200_10pct_oxygen_t3min_evil_twins_pluck_1_2_Pos15_RGB.tif",15,"evil_twins","gb_retraction_start",3.93,19.0962099125364
"2024-07-25","CROP_2024-07-25_L2_RGap_H200_10pct_oxygen_t3min_evil_twins_pluck_1_2_Pos22_RGB.tif",22,"evil_twins","gb_retraction_start",3.88,21.2253829321663
"2024-07-25","CROP_2024-07-25_L2_RGap_H200_10pct_oxygen_t3min_evil_twins_pluck_1_2_Pos25_RGB.tif",25,"evil_twins","gb_retraction_start",3.73,19.9678800856531
"2024-07-25","CROP_2024-07-25_L2_RGap_H200_10pct_oxygen_t3min_evil_twins_pluck_1_2_Pos5_RGB.tif",5,"control","gb_retraction_end",6.63,36.8743047830923
"2024-07-25","CROP_2024-07-25_L2_RGap_H200_10pct_oxygen_t3min_evil_twins_pluck_1_2_Pos10_RGB.tif",10,"control","gb_retraction_end",6.93,37.6017362995117
"2024-07-25","CROP_2024-07-25_L2_RGap_H200_10pct_oxygen_t3min_evil_twins_pluck_1_2_Pos13_RGB.tif",13,"control","gb_retraction_end",7.08,38.5201305767138
"2024-07-25","CROP_2024-07-25_L2_RGap_H200_10pct_oxygen_t3min_evil_twins_pluck_1_2_Pos17_RGB.tif",17,"control","gb_retraction_end",6.63,37.1845204711161
"2024-07-25","CROP_2024-07-25_L2_RGap_H200_10pct_oxygen_t3min_evil_twins_pluck_1_2_Pos19_RGB.tif",19,"control","gb_retraction_end",7.03,38.8827433628319
"2024-07-25","CROP_2024-07-25_L2_RGap_H200_10pct_oxygen_t3min_evil_twins_pluck_1_2_Pos21_RGB.tif",21,"control","gb_retraction_end",6.68,36.8450082735797
"2024-07-25","CROP_2024-07-25_L2_RGap_H200_10pct_oxygen_t3min_evil_twins_pluck_1_2_Pos23_RGB.tif",23,"control","gb_retraction_end",7.08,38.8370817334065
"2024-07-25","CROP_2024-07-25_L2_RGap_H200_10pct_oxygen_t3min_evil_twins_pluck_1_2_Pos1_RGB.tif",1,"evil_twins","gb_retraction_end",7.13,37.5658587987355
"2024-07-25","CROP_2024-07-25_L2_RGap_H200_10pct_oxygen_t3min_evil_twins_pluck_1_2_Pos6_RGB.tif",6,"evil_twins","gb_retraction_end",7.13,37.7648305084746
"2024-07-25","CROP_2024-07-25_L2_RGap_H200_10pct_oxygen_t3min_evil_twins_pluck_1_2_Pos8_RGB.tif",8,"evil_twins","gb_retraction_end",6.88,36.830835117773
"2024-07-25","CROP_2024-07-25_L2_RGap_H200_10pct_oxygen_t3min_evil_twins_pluck_1_2_Pos9_RGB.tif",9,"evil_twins","gb_retraction_end",7.23,38.1933438985737
"2024-07-25","CROP_2024-07-25_L2_RGap_H200_10pct_oxygen_t3min_evil_twins_pluck_1_2_Pos11_RGB.tif",11,"evil_twins","gb_retraction_end",7.18,38.1306425916091
"2024-07-25","CROP_2024-07-25_L2_RGap_H200_10pct_oxygen_t3min_evil_twins_pluck_1_2_Pos12_RGB.tif",12,"evil_twins","gb_retraction_end",7.23,39.1233766233766
"2024-07-25","CROP_2024-07-25_L2_RGap_H200_10pct_oxygen_t3min_evil_twins_pluck_1_2_Pos14_RGB.tif",14,"evil_twins","gb_retraction_end",7.88,39.9391789153573
"2024-07-25","CROP_2024-07-25_L2_RGap_H200_10pct_oxygen_t3min_evil_twins_pluck_1_2_Pos15_RGB.tif",15,"evil_twins","gb_retraction_end",7.43,36.1030126336249
"2024-07-25","CROP_2024-07-25_L2_RGap_H200_10pct_oxygen_t3min_evil_twins_pluck_1_2_Pos22_RGB.tif",22,"evil_twins","gb_retraction_end",7.48,40.9190371991247
"2024-07-25","CROP_2024-07-25_L2_RGap_H200_10pct_oxygen_t3min_evil_twins_pluck_1_2_Pos25_RGB.tif",25,"evil_twins","gb_retraction_end",7.18,38.4368308351178
"2024-07-25","CROP_2024-07-25_L2_RGap_H200_10pct_oxygen_t3min_evil_twins_pluck_1_2_Pos5_RGB.tif",5,"control","gut_partition_start",9.58,53.2814238042269
"2024-07-25","CROP_2024-07-25_L2_RGap_H200_10pct_oxygen_t3min_evil_twins_pluck_1_2_Pos10_RGB.tif",10,"control","gut_partition_start",10.18,55.2360282148671
"2024-07-25","CROP_2024-07-25_L2_RGap_H200_10pct_oxygen_t3min_evil_twins_pluck_1_2_Pos13_RGB.tif",13,"control","gut_partition_start",9.78,53.2100108813928
"2024-07-25","CROP_2024-07-25_L2_RGap_H200_10pct_oxygen_t3min_evil_twins_pluck_1_2_Pos17_RGB.tif",17,"control","gut_partition_start",9.18,51.4862591138531
"2024-07-25","CROP_2024-07-25_L2_RGap_H200_10pct_oxygen_t3min_evil_twins_pluck_1_2_Pos19_RGB.tif",19,"control","gut_partition_start",9.58,52.9867256637168
"2024-07-25","CROP_2024-07-25_L2_RGap_H200_10pct_oxygen_t3min_evil_twins_pluck_1_2_Pos21_RGB.tif",21,"control","gut_partition_start",9.48,52.2890237175951
"2024-07-25","CROP_2024-07-25_L2_RGap_H200_10pct_oxygen_t3min_evil_twins_pluck_1_2_Pos23_RGB.tif",23,"control","gut_partition_start",9.83,53.9221064179923
"2024-07-25","CROP_2024-07-25_L2_RGap_H200_10pct_oxygen_t3min_evil_twins_pluck_1_2_Pos1_RGB.tif",1,"evil_twins","gut_partition_start",9.78,51.5279241306638
"2024-07-25","CROP_2024-07-25_L2_RGap_H200_10pct_oxygen_t3min_evil_twins_pluck_1_2_Pos6_RGB.tif",6,"evil_twins","gut_partition_start",9.93,52.5953389830508
"2024-07-25","CROP_2024-07-25_L2_RGap_H200_10pct_oxygen_t3min_evil_twins_pluck_1_2_Pos8_RGB.tif",8,"evil_twins","gut_partition_start",9.78,52.355460385439
"2024-07-25","CROP_2024-07-25_L2_RGap_H200_10pct_oxygen_t3min_evil_twins_pluck_1_2_Pos9_RGB.tif",9,"evil_twins","gut_partition_start",10.28,54.3053354463814
"2024-07-25","CROP_2024-07-25_L2_RGap_H200_10pct_oxygen_t3min_evil_twins_pluck_1_2_Pos11_RGB.tif",11,"evil_twins","gut_partition_start",10.13,53.797132235794
"2024-07-25","CROP_2024-07-25_L2_RGap_H200_10pct_oxygen_t3min_evil_twins_pluck_1_2_Pos12_RGB.tif",12,"evil_twins","gut_partition_start",9.88,53.4632034632035
"2024-07-25","CROP_2024-07-25_L2_RGap_H200_10pct_oxygen_t3min_evil_twins_pluck_1_2_Pos14_RGB.tif",14,"evil_twins","gut_partition_start",10.28,52.1033958438925
"2024-07-25","CROP_2024-07-25_L2_RGap_H200_10pct_oxygen_t3min_evil_twins_pluck_1_2_Pos15_RGB.tif",15,"evil_twins","gut_partition_start",10.18,49.4655004859087
"2024-07-25","CROP_2024-07-25_L2_RGap_H200_10pct_oxygen_t3min_evil_twins_pluck_1_2_Pos22_RGB.tif",22,"evil_twins","gut_partition_start",9.98,54.5951859956236
"2024-07-25","CROP_2024-07-25_L2_RGap_H200_10pct_oxygen_t3min_evil_twins_pluck_1_2_Pos25_RGB.tif",25,"evil_twins","gut_partition_start",9.68,51.8201284796574
"2024-07-25","CROP_2024-07-25_L2_RGap_H200_10pct_oxygen_t3min_evil_twins_pluck_1_2_Pos5_RGB.tif",5,"control","head_involution_end",11.38,63.2925472747497
"2024-07-25","CROP_2024-07-25_L2_RGap_H200_10pct_oxygen_t3min_evil_twins_pluck_1_2_Pos10_RGB.tif",10,"control","head_involution_end",11.28,61.2045577862181
"2024-07-25","CROP_2024-07-25_L2_RGap_H200_10pct_oxygen_t3min_evil_twins_pluck_1_2_Pos13_RGB.tif",13,"control","head_involution_end",11.73,63.8193688792165
"2024-07-25","CROP_2024-07-25_L2_RGap_H200_10pct_oxygen_t3min_evil_twins_pluck_1_2_Pos17_RGB.tif",17,"control","head_involution_end",10.93,61.3011777902412
"2024-07-25","CROP_2024-07-25_L2_RGap_H200_10pct_oxygen_t3min_evil_twins_pluck_1_2_Pos19_RGB.tif",19,"control","head_involution_end",11.23,62.1128318584071
"2024-07-25","CROP_2024-07-25_L2_RGap_H200_10pct_oxygen_t3min_evil_twins_pluck_1_2_Pos21_RGB.tif",21,"control","head_involution_end",11.43,63.0446773303916
"2024-07-25","CROP_2024-07-25_L2_RGap_H200_10pct_oxygen_t3min_evil_twins_pluck_1_2_Pos23_RGB.tif",23,"control","head_involution_end",12.23,67.0872188699945
"2024-07-25","CROP_2024-07-25_L2_RGap_H200_10pct_oxygen_t3min_evil_twins_pluck_1_2_Pos1_RGB.tif",1,"evil_twins","head_involution_end",11.58,61.0115911485775
"2024-07-25","CROP_2024-07-25_L2_RGap_H200_10pct_oxygen_t3min_evil_twins_pluck_1_2_Pos6_RGB.tif",6,"evil_twins","head_involution_end",11.58,61.3347457627119
"2024-07-25","CROP_2024-07-25_L2_RGap_H200_10pct_oxygen_t3min_evil_twins_pluck_1_2_Pos8_RGB.tif",8,"evil_twins","head_involution_end",12.03,64.4004282655246
"2024-07-25","CROP_2024-07-25_L2_RGap_H200_10pct_oxygen_t3min_evil_twins_pluck_1_2_Pos9_RGB.tif",9,"evil_twins","head_involution_end",11.78,62.229265715795
"2024-07-25","CROP_2024-07-25_L2_RGap_H200_10pct_oxygen_t3min_evil_twins_pluck_1_2_Pos11_RGB.tif",11,"evil_twins","head_involution_end",11.68,62.0286776420606
"2024-07-25","CROP_2024-07-25_L2_RGap_H200_10pct_oxygen_t3min_evil_twins_pluck_1_2_Pos12_RGB.tif",12,"evil_twins","head_involution_end",11.33,61.3095238095238
"2024-07-25","CROP_2024-07-25_L2_RGap_H200_10pct_oxygen_t3min_evil_twins_pluck_1_2_Pos14_RGB.tif",14,"evil_twins","head_involution_end",13.28,67.3086670045616
"2024-07-25","CROP_2024-07-25_L2_RGap_H200_10pct_oxygen_t3min_evil_twins_pluck_1_2_Pos15_RGB.tif",15,"evil_twins","head_involution_end",11.68,56.754130223518
"2024-07-25","CROP_2024-07-25_L2_RGap_H200_10pct_oxygen_t3min_evil_twins_pluck_1_2_Pos22_RGB.tif",22,"evil_twins","head_involution_end",11.93,65.2625820568928
"2024-07-25","CROP_2024-07-25_L2_RGap_H200_10pct_oxygen_t3min_evil_twins_pluck_1_2_Pos25_RGB.tif",25,"evil_twins","head_involution_end",11.78,63.0620985010707
"2024-07-25","CROP_2024-07-25_L2_RGap_H200_10pct_oxygen_t3min_evil_twins_pluck_1_2_Pos5_RGB.tif",5,"control","tracheae_start",15.53,86.3737486095662
"2024-07-25","CROP_2024-07-25_L2_RGap_H200_10pct_oxygen_t3min_evil_twins_pluck_1_2_Pos10_RGB.tif",10,"control","tracheae_start",15.93,86.4351600651112
"2024-07-25","CROP_2024-07-25_L2_RGap_H200_10pct_oxygen_t3min_evil_twins_pluck_1_2_Pos13_RGB.tif",13,"control","tracheae_start",15.78,85.854189336235
"2024-07-25","CROP_2024-07-25_L2_RGap_H200_10pct_oxygen_t3min_evil_twins_pluck_1_2_Pos17_RGB.tif",17,"control","tracheae_start",15.23,85.4178351093663
"2024-07-25","CROP_2024-07-25_L2_RGap_H200_10pct_oxygen_t3min_evil_twins_pluck_1_2_Pos19_RGB.tif",19,"control","tracheae_start",15.63,86.4491150442478
"2024-07-25","CROP_2024-07-25_L2_RGap_H200_10pct_oxygen_t3min_evil_twins_pluck_1_2_Pos21_RGB.tif",21,"control","tracheae_start",15.63,86.2107004964148
"2024-07-25","CROP_2024-07-25_L2_RGap_H200_10pct_oxygen_t3min_evil_twins_pluck_1_2_Pos23_RGB.tif",23,"control","tracheae_start",15.83,86.8348875479978
"2024-07-25","CROP_2024-07-25_L2_RGap_H200_10pct_oxygen_t3min_evil_twins_pluck_1_2_Pos1_RGB.tif",1,"evil_twins","tracheae_start",16.08,84.7207586933614
"2024-07-25","CROP_2024-07-25_L2_RGap_H200_10pct_oxygen_t3min_evil_twins_pluck_1_2_Pos6_RGB.tif",6,"evil_twins","tracheae_start",16.13,85.4343220338983
"2024-07-25","CROP_2024-07-25_L2_RGap_H200_10pct_oxygen_t3min_evil_twins_pluck_1_2_Pos8_RGB.tif",8,"evil_twins","tracheae_start",15.98,85.5460385438972
"2024-07-25","CROP_2024-07-25_L2_RGap_H200_10pct_oxygen_t3min_evil_twins_pluck_1_2_Pos9_RGB.tif",9,"evil_twins","tracheae_start",16.13,85.2086634970945
"2024-07-25","CROP_2024-07-25_L2_RGap_H200_10pct_oxygen_t3min_evil_twins_pluck_1_2_Pos11_RGB.tif",11,"evil_twins","tracheae_start",16.18,85.926712692512
"2024-07-25","CROP_2024-07-25_L2_RGap_H200_10pct_oxygen_t3min_evil_twins_pluck_1_2_Pos12_RGB.tif",12,"evil_twins","tracheae_start",15.73,85.1190476190476
"2024-07-25","CROP_2024-07-25_L2_RGap_H200_10pct_oxygen_t3min_evil_twins_pluck_1_2_Pos14_RGB.tif",14,"evil_twins","tracheae_start",16.58,84.0344652812975
"2024-07-25","CROP_2024-07-25_L2_RGap_H200_10pct_oxygen_t3min_evil_twins_pluck_1_2_Pos15_RGB.tif",15,"evil_twins","tracheae_start",16.08,78.134110787172
"2024-07-25","CROP_2024-07-25_L2_RGap_H200_10pct_oxygen_t3min_evil_twins_pluck_1_2_Pos22_RGB.tif",22,"evil_twins","tracheae_start",16.03,87.691466083151
"2024-07-25","CROP_2024-07-25_L2_RGap_H200_10pct_oxygen_t3min_evil_twins_pluck_1_2_Pos25_RGB.tif",25,"evil_twins","tracheae_start",15.93,85.2783725910064
"2024-07-25","CROP_2024-07-25_L2_RGap_H200_10pct_oxygen_t3min_evil_twins_pluck_1_2_Pos5_RGB.tif",5,"control","hatching",17.98,100
"2024-07-25","CROP_2024-07-25_L2_RGap_H200_10pct_oxygen_t3min_evil_twins_pluck_1_2_Pos10_RGB.tif",10,"control","hatching",18.43,100
"2024-07-25","CROP_2024-07-25_L2_RGap_H200_10pct_oxygen_t3min_evil_twins_pluck_1_2_Pos13_RGB.tif",13,"control","hatching",18.38,100
"2024-07-25","CROP_2024-07-25_L2_RGap_H200_10pct_oxygen_t3min_evil_twins_pluck_1_2_Pos17_RGB.tif",17,"control","hatching",17.83,100
"2024-07-25","CROP_2024-07-25_L2_RGap_H200_10pct_oxygen_t3min_evil_twins_pluck_1_2_Pos19_RGB.tif",19,"control","hatching",18.08,100
"2024-07-25","CROP_2024-07-25_L2_RGap_H200_10pct_oxygen_t3min_evil_twins_pluck_1_2_Pos21_RGB.tif",21,"control","hatching",18.13,100
"2024-07-25","CROP_2024-07-25_L2_RGap_H200_10pct_oxygen_t3min_evil_twins_pluck_1_2_Pos23_RGB.tif",23,"control","hatching",18.23,100
"2024-07-25","CROP_2024-07-25_L2_RGap_H200_10pct_oxygen_t3min_evil_twins_pluck_1_2_Pos1_RGB.tif",1,"evil_twins","hatching",18.98,100
"2024-07-25","CROP_2024-07-25_L2_RGap_H200_10pct_oxygen_t3min_evil_twins_pluck_1_2_Pos6_RGB.tif",6,"evil_twins","hatching",18.88,100
"2024-07-25","CROP_2024-07-25_L2_RGap_H200_10pct_oxygen_t3min_evil_twins_pluck_1_2_Pos8_RGB.tif",8,"evil_twins","hatching",18.68,100
"2024-07-25","CROP_2024-07-25_L2_RGap_H200_10pct_oxygen_t3min_evil_twins_pluck_1_2_Pos9_RGB.tif",9,"evil_twins","hatching",18.93,100
"2024-07-25","CROP_2024-07-25_L2_RGap_H200_10pct_oxygen_t3min_evil_twins_pluck_1_2_Pos11_RGB.tif",11,"evil_twins","hatching",18.83,100
"2024-07-25","CROP_2024-07-25_L2_RGap_H200_10pct_oxygen_t3min_evil_twins_pluck_1_2_Pos12_RGB.tif",12,"evil_twins","hatching",18.48,100
"2024-07-25","CROP_2024-07-25_L2_RGap_H200_10pct_oxygen_t3min_evil_twins_pluck_1_2_Pos14_RGB.tif",14,"evil_twins","hatching",19.73,100
"2024-07-25","CROP_2024-07-25_L2_RGap_H200_10pct_oxygen_t3min_evil_twins_pluck_1_2_Pos15_RGB.tif",15,"evil_twins","hatching",20.58,100
"2024-07-25","CROP_2024-07-25_L2_RGap_H200_10pct_oxygen_t3min_evil_twins_pluck_1_2_Pos22_RGB.tif",22,"evil_twins","hatching",18.28,100
"2024-07-25","CROP_2024-07-25_L2_RGap_H200_10pct_oxygen_t3min_evil_twins_pluck_1_2_Pos25_RGB.tif",25,"evil_twins","hatching",18.68,100
"2024-07-29","CROP_2024-07-29_L2_RGap_H200_10pct_oxygen_t3min_evil_twins_pluck_1_2_Pos1_RGB.tif",1,"control","gastrulation",0,0
"2024-07-29","CROP_2024-07-29_L2_RGap_H200_10pct_oxygen_t3min_evil_twins_pluck_1_2_Pos7_RGB.tif",7,"control","gastrulation",0,0
"2024-07-29","CROP_2024-07-29_L2_RGap_H200_10pct_oxygen_t3min_evil_twins_pluck_1_2_Pos9_RGB.tif",9,"control","gastrulation",0,0
"2024-07-29","CROP_2024-07-29_L2_RGap_H200_10pct_oxygen_t3min_evil_twins_pluck_1_2_Pos13_RGB.tif",13,"control","gastrulation",0,0
"2024-07-29","CROP_2024-07-29_L2_RGap_H200_10pct_oxygen_t3min_evil_twins_pluck_1_2_Pos17_RGB.tif",17,"control","gastrulation",0,0
"2024-07-29","CROP_2024-07-29_L2_RGap_H200_10pct_oxygen_t3min_evil_twins_pluck_1_2_Pos19_RGB.tif",19,"control","gastrulation",0,0
"2024-07-29","CROP_2024-07-29_L2_RGap_H200_10pct_oxygen_t3min_evil_twins_pluck_1_2_Pos25_RGB.tif",25,"control","gastrulation",0,0
"2024-07-29","CROP_2024-07-29_L2_RGap_H200_10pct_oxygen_t3min_evil_twins_pluck_1_2_Pos2_RGB.tif",2,"evil_twins","gastrulation",0,0
"2024-07-29","CROP_2024-07-29_L2_RGap_H200_10pct_oxygen_t3min_evil_twins_pluck_1_2_Pos4_RGB.tif",4,"evil_twins","gastrulation",0,0
"2024-07-29","CROP_2024-07-29_L2_RGap_H200_10pct_oxygen_t3min_evil_twins_pluck_1_2_Pos5_RGB.tif",5,"evil_twins","gastrulation",0,0
"2024-07-29","CROP_2024-07-29_L2_RGap_H200_10pct_oxygen_t3min_evil_twins_pluck_1_2_Pos6_RGB.tif",6,"evil_twins","gastrulation",0,0
"2024-07-29","CROP_2024-07-29_L2_RGap_H200_10pct_oxygen_t3min_evil_twins_pluck_1_2_Pos8_RGB.tif",8,"evil_twins","gastrulation",0,0
"2024-07-29","CROP_2024-07-29_L2_RGap_H200_10pct_oxygen_t3min_evil_twins_pluck_1_2_Pos10_RGB.tif",10,"evil_twins","gastrulation",0,0
"2024-07-29","CROP_2024-07-29_L2_RGap_H200_10pct_oxygen_t3min_evil_twins_pluck_1_2_Pos11_RGB.tif",11,"evil_twins","gastrulation",0,0
"2024-07-29","CROP_2024-07-29_L2_RGap_H200_10pct_oxygen_t3min_evil_twins_pluck_1_2_Pos12_RGB.tif",12,"evil_twins","gastrulation",0,0
"2024-07-29","CROP_2024-07-29_L2_RGap_H200_10pct_oxygen_t3min_evil_twins_pluck_1_2_Pos14_RGB.tif",14,"evil_twins","gastrulation",0,0
"2024-07-29","CROP_2024-07-29_L2_RGap_H200_10pct_oxygen_t3min_evil_twins_pluck_1_2_Pos15_RGB.tif",15,"evil_twins","gastrulation",0,0
"2024-07-29","CROP_2024-07-29_L2_RGap_H200_10pct_oxygen_t3min_evil_twins_pluck_1_2_Pos16_RGB.tif",16,"evil_twins","gastrulation",0,0
"2024-07-29","CROP_2024-07-29_L2_RGap_H200_10pct_oxygen_t3min_evil_twins_pluck_1_2_Pos18_RGB.tif",18,"evil_twins","gastrulation",0,0
"2024-07-29","CROP_2024-07-29_L2_RGap_H200_10pct_oxygen_t3min_evil_twins_pluck_1_2_Pos20_RGB.tif",20,"evil_twins","gastrulation",0,0
"2024-07-29","CROP_2024-07-29_L2_RGap_H200_10pct_oxygen_t3min_evil_twins_pluck_1_2_Pos21_RGB.tif",21,"evil_twins","gastrulation",0,0
"2024-07-29","CROP_2024-07-29_L2_RGap_H200_10pct_oxygen_t3min_evil_twins_pluck_1_2_Pos23_RGB.tif",23,"evil_twins","gastrulation",0,0
"2024-07-29","CROP_2024-07-29_L2_RGap_H200_10pct_oxygen_t3min_evil_twins_pluck_1_2_Pos1_RGB.tif",1,"control","cf_folding_start",-0.05,-0.252780586450961
"2024-07-29","CROP_2024-07-29_L2_RGap_H200_10pct_oxygen_t3min_evil_twins_pluck_1_2_Pos7_RGB.tif",7,"control","cf_folding_start",-0.1,-0.531067445565587
"2024-07-29","CROP_2024-07-29_L2_RGap_H200_10pct_oxygen_t3min_evil_twins_pluck_1_2_Pos9_RGB.tif",9,"control","cf_folding_start",0.05,0.262054507337526
"2024-07-29","CROP_2024-07-29_L2_RGap_H200_10pct_oxygen_t3min_evil_twins_pluck_1_2_Pos13_RGB.tif",13,"control","cf_folding_start",-0.05,-0.260688216892596
"2024-07-29","CROP_2024-07-29_L2_RGap_H200_10pct_oxygen_t3min_evil_twins_pluck_1_2_Pos17_RGB.tif",17,"control","cf_folding_start",0.05,0.262743037309511
"2024-07-29","CROP_2024-07-29_L2_RGap_H200_10pct_oxygen_t3min_evil_twins_pluck_1_2_Pos19_RGB.tif",19,"control","cf_folding_start",0,0
"2024-07-29","CROP_2024-07-29_L2_RGap_H200_10pct_oxygen_t3min_evil_twins_pluck_1_2_Pos25_RGB.tif",25,"control","cf_folding_start",-0.05,-0.274273176083379
"2024-07-29","CROP_2024-07-29_L2_RGap_H200_10pct_oxygen_t3min_evil_twins_pluck_1_2_Pos2_RGB.tif",2,"evil_twins","cf_folding_start",0.35,1.72159370388588
"2024-07-29","CROP_2024-07-29_L2_RGap_H200_10pct_oxygen_t3min_evil_twins_pluck_1_2_Pos4_RGB.tif",4,"evil_twins","cf_folding_start",1.03,4.89776509747979
"2024-07-29","CROP_2024-07-29_L2_RGap_H200_10pct_oxygen_t3min_evil_twins_pluck_1_2_Pos5_RGB.tif",5,"evil_twins","cf_folding_start",0.05,0.240038406144983
"2024-07-29","CROP_2024-07-29_L2_RGap_H200_10pct_oxygen_t3min_evil_twins_pluck_1_2_Pos6_RGB.tif",6,"evil_twins","cf_folding_start",0.65,3.21304992585269
"2024-07-29","CROP_2024-07-29_L2_RGap_H200_10pct_oxygen_t3min_evil_twins_pluck_1_2_Pos8_RGB.tif",8,"evil_twins","cf_folding_start",0.65,3.15075133301018
"2024-07-29","CROP_2024-07-29_L2_RGap_H200_10pct_oxygen_t3min_evil_twins_pluck_1_2_Pos10_RGB.tif",10,"evil_twins","cf_folding_start",0.65,3.22901142573274
"2024-07-29","CROP_2024-07-29_L2_RGap_H200_10pct_oxygen_t3min_evil_twins_pluck_1_2_Pos11_RGB.tif",11,"evil_twins","cf_folding_start",0.83,4.08263649778652
"2024-07-29","CROP_2024-07-29_L2_RGap_H200_10pct_oxygen_t3min_evil_twins_pluck_1_2_Pos12_RGB.tif",12,"evil_twins","cf_folding_start",0.6,2.61096605744125
"2024-07-29","CROP_2024-07-29_L2_RGap_H200_10pct_oxygen_t3min_evil_twins_pluck_1_2_Pos14_RGB.tif",14,"evil_twins","cf_folding_start",0.9,4.60829493087558
"2024-07-29","CROP_2024-07-29_L2_RGap_H200_10pct_oxygen_t3min_evil_twins_pluck_1_2_Pos15_RGB.tif",15,"evil_twins","cf_folding_start",0.5,2.57334019557385
"2024-07-29","CROP_2024-07-29_L2_RGap_H200_10pct_oxygen_t3min_evil_twins_pluck_1_2_Pos16_RGB.tif",16,"evil_twins","cf_folding_start",0.75,3.77263581488934
"2024-07-29","CROP_2024-07-29_L2_RGap_H200_10pct_oxygen_t3min_evil_twins_pluck_1_2_Pos18_RGB.tif",18,"evil_twins","cf_folding_start",0.5,2.38322211630124
"2024-07-29","CROP_2024-07-29_L2_RGap_H200_10pct_oxygen_t3min_evil_twins_pluck_1_2_Pos20_RGB.tif",20,"evil_twins","cf_folding_start",0.65,3.21304992585269
"2024-07-29","CROP_2024-07-29_L2_RGap_H200_10pct_oxygen_t3min_evil_twins_pluck_1_2_Pos21_RGB.tif",21,"evil_twins","cf_folding_start",0.55,2.81618023553507
"2024-07-29","CROP_2024-07-29_L2_RGap_H200_10pct_oxygen_t3min_evil_twins_pluck_1_2_Pos23_RGB.tif",23,"evil_twins","cf_folding_start",0.65,3.15840621963071
"2024-07-29","CROP_2024-07-29_L2_RGap_H200_10pct_oxygen_t3min_evil_twins_pluck_1_2_Pos1_RGB.tif",1,"control","gb_extension_start",0.25,1.2639029322548
"2024-07-29","CROP_2024-07-29_L2_RGap_H200_10pct_oxygen_t3min_evil_twins_pluck_1_2_Pos7_RGB.tif",7,"control","gb_extension_start",0.2,1.06213489113117
"2024-07-29","CROP_2024-07-29_L2_RGap_H200_10pct_oxygen_t3min_evil_twins_pluck_1_2_Pos9_RGB.tif",9,"control","gb_extension_start",0.2,1.04821802935011
"2024-07-29","CROP_2024-07-29_L2_RGap_H200_10pct_oxygen_t3min_evil_twins_pluck_1_2_Pos13_RGB.tif",13,"control","gb_extension_start",0.2,1.04275286757039
"2024-07-29","CROP_2024-07-29_L2_RGap_H200_10pct_oxygen_t3min_evil_twins_pluck_1_2_Pos17_RGB.tif",17,"control","gb_extension_start",0.2,1.05097214923805
"2024-07-29","CROP_2024-07-29_L2_RGap_H200_10pct_oxygen_t3min_evil_twins_pluck_1_2_Pos19_RGB.tif",19,"control","gb_extension_start",0.2,1.05374077976818
"2024-07-29","CROP_2024-07-29_L2_RGap_H200_10pct_oxygen_t3min_evil_twins_pluck_1_2_Pos25_RGB.tif",25,"control","gb_extension_start",0.15,0.822819528250137
"2024-07-29","CROP_2024-07-29_L2_RGap_H200_10pct_oxygen_t3min_evil_twins_pluck_1_2_Pos2_RGB.tif",2,"evil_twins","gb_extension_start",0.25,1.22970978848992
"2024-07-29","CROP_2024-07-29_L2_RGap_H200_10pct_oxygen_t3min_evil_twins_pluck_1_2_Pos4_RGB.tif",4,"evil_twins","gb_extension_start",0.3,1.4265335235378
"2024-07-29","CROP_2024-07-29_L2_RGap_H200_10pct_oxygen_t3min_evil_twins_pluck_1_2_Pos5_RGB.tif",5,"evil_twins","gb_extension_start",0.25,1.20019203072492
"2024-07-29","CROP_2024-07-29_L2_RGap_H200_10pct_oxygen_t3min_evil_twins_pluck_1_2_Pos6_RGB.tif",6,"evil_twins","gb_extension_start",0.15,0.74147305981216
"2024-07-29","CROP_2024-07-29_L2_RGap_H200_10pct_oxygen_t3min_evil_twins_pluck_1_2_Pos8_RGB.tif",8,"evil_twins","gb_extension_start",0.2,0.969461948618517
"2024-07-29","CROP_2024-07-29_L2_RGap_H200_10pct_oxygen_t3min_evil_twins_pluck_1_2_Pos10_RGB.tif",10,"evil_twins","gb_extension_start",0.2,0.993541977148535
"2024-07-29","CROP_2024-07-29_L2_RGap_H200_10pct_oxygen_t3min_evil_twins_pluck_1_2_Pos11_RGB.tif",11,"evil_twins","gb_extension_start",0.2,0.983767830791933
"2024-07-29","CROP_2024-07-29_L2_RGap_H200_10pct_oxygen_t3min_evil_twins_pluck_1_2_Pos12_RGB.tif",12,"evil_twins","gb_extension_start",0.3,1.30548302872063
"2024-07-29","CROP_2024-07-29_L2_RGap_H200_10pct_oxygen_t3min_evil_twins_pluck_1_2_Pos14_RGB.tif",14,"evil_twins","gb_extension_start",0.25,1.28008192524322
"2024-07-29","CROP_2024-07-29_L2_RGap_H200_10pct_oxygen_t3min_evil_twins_pluck_1_2_Pos15_RGB.tif",15,"evil_twins","gb_extension_start",0.2,1.02933607822954
"2024-07-29","CROP_2024-07-29_L2_RGap_H200_10pct_oxygen_t3min_evil_twins_pluck_1_2_Pos16_RGB.tif",16,"evil_twins","gb_extension_start",0.2,1.00603621730382
"2024-07-29","CROP_2024-07-29_L2_RGap_H200_10pct_oxygen_t3min_evil_twins_pluck_1_2_Pos18_RGB.tif",18,"evil_twins","gb_extension_start",0.25,1.19161105815062
"2024-07-29","CROP_2024-07-29_L2_RGap_H200_10pct_oxygen_t3min_evil_twins_pluck_1_2_Pos20_RGB.tif",20,"evil_twins","gb_extension_start",0.25,1.23578843302027
"2024-07-29","CROP_2024-07-29_L2_RGap_H200_10pct_oxygen_t3min_evil_twins_pluck_1_2_Pos21_RGB.tif",21,"evil_twins","gb_extension_start",0.2,1.02406554019457
"2024-07-29","CROP_2024-07-29_L2_RGap_H200_10pct_oxygen_t3min_evil_twins_pluck_1_2_Pos23_RGB.tif",23,"evil_twins","gb_extension_start",0.15,0.728862973760933
"2024-07-29","CROP_2024-07-29_L2_RGap_H200_10pct_oxygen_t3min_evil_twins_pluck_1_2_Pos1_RGB.tif",1,"control","gb_extension_end",3.43,17.3407482305359
"2024-07-29","CROP_2024-07-29_L2_RGap_H200_10pct_oxygen_t3min_evil_twins_pluck_1_2_Pos7_RGB.tif",7,"control","gb_extension_end",3.23,17.1534784917685
"2024-07-29","CROP_2024-07-29_L2_RGap_H200_10pct_oxygen_t3min_evil_twins_pluck_1_2_Pos9_RGB.tif",9,"control","gb_extension_end",3.73,19.5492662473795
"2024-07-29","CROP_2024-07-29_L2_RGap_H200_10pct_oxygen_t3min_evil_twins_pluck_1_2_Pos13_RGB.tif",13,"control","gb_extension_end",3.38,17.6225234619395
"2024-07-29","CROP_2024-07-29_L2_RGap_H200_10pct_oxygen_t3min_evil_twins_pluck_1_2_Pos17_RGB.tif",17,"control","gb_extension_end",2.98,15.6594850236469
"2024-07-29","CROP_2024-07-29_L2_RGap_H200_10pct_oxygen_t3min_evil_twins_pluck_1_2_Pos19_RGB.tif",19,"control","gb_extension_end",3.63,19.1253951527924
"2024-07-29","CROP_2024-07-29_L2_RGap_H200_10pct_oxygen_t3min_evil_twins_pluck_1_2_Pos25_RGB.tif",25,"control","gb_extension_end",2.48,13.6039495337356
"2024-07-29","CROP_2024-07-29_L2_RGap_H200_10pct_oxygen_t3min_evil_twins_pluck_1_2_Pos2_RGB.tif",2,"evil_twins","gb_extension_end",3.28,16.1337924249877
"2024-07-29","CROP_2024-07-29_L2_RGap_H200_10pct_oxygen_t3min_evil_twins_pluck_1_2_Pos4_RGB.tif",4,"evil_twins","gb_extension_end",4.43,21.0651450309082
"2024-07-29","CROP_2024-07-29_L2_RGap_H200_10pct_oxygen_t3min_evil_twins_pluck_1_2_Pos5_RGB.tif",5,"evil_twins","gb_extension_end",4.33,20.7873259721555
"2024-07-29","CROP_2024-07-29_L2_RGap_H200_10pct_oxygen_t3min_evil_twins_pluck_1_2_Pos6_RGB.tif",6,"evil_twins","gb_extension_end",3.88,19.1794364804745
"2024-07-29","CROP_2024-07-29_L2_RGap_H200_10pct_oxygen_t3min_evil_twins_pluck_1_2_Pos8_RGB.tif",8,"evil_twins","gb_extension_end",4.38,21.2312166747455
"2024-07-29","CROP_2024-07-29_L2_RGap_H200_10pct_oxygen_t3min_evil_twins_pluck_1_2_Pos10_RGB.tif",10,"evil_twins","gb_extension_end",3.33,16.5424739195231
"2024-07-29","CROP_2024-07-29_L2_RGap_H200_10pct_oxygen_t3min_evil_twins_pluck_1_2_Pos11_RGB.tif",11,"evil_twins","gb_extension_end",4.33,21.2985735366454
"2024-07-29","CROP_2024-07-29_L2_RGap_H200_10pct_oxygen_t3min_evil_twins_pluck_1_2_Pos12_RGB.tif",12,"evil_twins","gb_extension_end",4.48,19.4952132288947
"2024-07-29","CROP_2024-07-29_L2_RGap_H200_10pct_oxygen_t3min_evil_twins_pluck_1_2_Pos14_RGB.tif",14,"evil_twins","gb_extension_end",2.78,14.2345110087046
"2024-07-29","CROP_2024-07-29_L2_RGap_H200_10pct_oxygen_t3min_evil_twins_pluck_1_2_Pos15_RGB.tif",15,"evil_twins","gb_extension_end",3.68,18.9397838394236
"2024-07-29","CROP_2024-07-29_L2_RGap_H200_10pct_oxygen_t3min_evil_twins_pluck_1_2_Pos16_RGB.tif",16,"evil_twins","gb_extension_end",4.08,20.523138832998
"2024-07-29","CROP_2024-07-29_L2_RGap_H200_10pct_oxygen_t3min_evil_twins_pluck_1_2_Pos18_RGB.tif",18,"evil_twins","gb_extension_end",3.13,14.9189704480458
"2024-07-29","CROP_2024-07-29_L2_RGap_H200_10pct_oxygen_t3min_evil_twins_pluck_1_2_Pos20_RGB.tif",20,"evil_twins","gb_extension_end",3.33,16.46070192783
"2024-07-29","CROP_2024-07-29_L2_RGap_H200_10pct_oxygen_t3min_evil_twins_pluck_1_2_Pos21_RGB.tif",21,"evil_twins","gb_extension_end",3.13,16.0266257040451
"2024-07-29","CROP_2024-07-29_L2_RGap_H200_10pct_oxygen_t3min_evil_twins_pluck_1_2_Pos23_RGB.tif",23,"evil_twins","gb_extension_end",2.98,14.4800777453839
"2024-07-29","CROP_2024-07-29_L2_RGap_H200_10pct_oxygen_t3min_evil_twins_pluck_1_2_Pos1_RGB.tif",1,"control","gb_retraction_start",5.08,25.6825075834176
"2024-07-29","CROP_2024-07-29_L2_RGap_H200_10pct_oxygen_t3min_evil_twins_pluck_1_2_Pos7_RGB.tif",7,"control","gb_retraction_start",4.38,23.2607541157727
"2024-07-29","CROP_2024-07-29_L2_RGap_H200_10pct_oxygen_t3min_evil_twins_pluck_1_2_Pos9_RGB.tif",9,"control","gb_retraction_start",4.73,24.79035639413
"2024-07-29","CROP_2024-07-29_L2_RGap_H200_10pct_oxygen_t3min_evil_twins_pluck_1_2_Pos13_RGB.tif",13,"control","gb_retraction_start",4.83,25.1824817518248
"2024-07-29","CROP_2024-07-29_L2_RGap_H200_10pct_oxygen_t3min_evil_twins_pluck_1_2_Pos17_RGB.tif",17,"control","gb_retraction_start",4.78,25.1182343667893
"2024-07-29","CROP_2024-07-29_L2_RGap_H200_10pct_oxygen_t3min_evil_twins_pluck_1_2_Pos19_RGB.tif",19,"control","gb_retraction_start",4.28,22.550052687039
"2024-07-29","CROP_2024-07-29_L2_RGap_H200_10pct_oxygen_t3min_evil_twins_pluck_1_2_Pos25_RGB.tif",25,"control","gb_retraction_start",4.08,22.3806911684037
"2024-07-29","CROP_2024-07-29_L2_RGap_H200_10pct_oxygen_t3min_evil_twins_pluck_1_2_Pos2_RGB.tif",2,"evil_twins","gb_retraction_start",4.88,24.0039350713232
"2024-07-29","CROP_2024-07-29_L2_RGap_H200_10pct_oxygen_t3min_evil_twins_pluck_1_2_Pos4_RGB.tif",4,"evil_twins","gb_retraction_start",6.03,28.6733238231098
"2024-07-29","CROP_2024-07-29_L2_RGap_H200_10pct_oxygen_t3min_evil_twins_pluck_1_2_Pos5_RGB.tif",5,"evil_twins","gb_retraction_start",5.53,26.5482477196351
"2024-07-29","CROP_2024-07-29_L2_RGap_H200_10pct_oxygen_t3min_evil_twins_pluck_1_2_Pos6_RGB.tif",6,"evil_twins","gb_retraction_start",4.73,23.3811171527435
"2024-07-29","CROP_2024-07-29_L2_RGap_H200_10pct_oxygen_t3min_evil_twins_pluck_1_2_Pos8_RGB.tif",8,"evil_twins","gb_retraction_start",4.98,24.1396025206011
"2024-07-29","CROP_2024-07-29_L2_RGap_H200_10pct_oxygen_t3min_evil_twins_pluck_1_2_Pos10_RGB.tif",10,"evil_twins","gb_retraction_start",4.38,21.7585692995529
"2024-07-29","CROP_2024-07-29_L2_RGap_H200_10pct_oxygen_t3min_evil_twins_pluck_1_2_Pos11_RGB.tif",11,"evil_twins","gb_retraction_start",5.58,27.4471224790949
"2024-07-29","CROP_2024-07-29_L2_RGap_H200_10pct_oxygen_t3min_evil_twins_pluck_1_2_Pos12_RGB.tif",12,"evil_twins","gb_retraction_start",5.53,24.0644038294169
"2024-07-29","CROP_2024-07-29_L2_RGap_H200_10pct_oxygen_t3min_evil_twins_pluck_1_2_Pos14_RGB.tif",14,"evil_twins","gb_retraction_start",5.23,26.7793138760881
"2024-07-29","CROP_2024-07-29_L2_RGap_H200_10pct_oxygen_t3min_evil_twins_pluck_1_2_Pos15_RGB.tif",15,"evil_twins","gb_retraction_start",5.03,25.887802367473
"2024-07-29","CROP_2024-07-29_L2_RGap_H200_10pct_oxygen_t3min_evil_twins_pluck_1_2_Pos16_RGB.tif",16,"evil_twins","gb_retraction_start",5.08,25.5533199195171
"2024-07-29","CROP_2024-07-29_L2_RGap_H200_10pct_oxygen_t3min_evil_twins_pluck_1_2_Pos18_RGB.tif",18,"evil_twins","gb_retraction_start",5.23,24.928503336511
"2024-07-29","CROP_2024-07-29_L2_RGap_H200_10pct_oxygen_t3min_evil_twins_pluck_1_2_Pos20_RGB.tif",20,"evil_twins","gb_retraction_start",5.18,25.6055363321799
"2024-07-29","CROP_2024-07-29_L2_RGap_H200_10pct_oxygen_t3min_evil_twins_pluck_1_2_Pos21_RGB.tif",21,"evil_twins","gb_retraction_start",4.83,24.7311827956989
"2024-07-29","CROP_2024-07-29_L2_RGap_H200_10pct_oxygen_t3min_evil_twins_pluck_1_2_Pos23_RGB.tif",23,"evil_twins","gb_retraction_start",4.43,21.5257531584062
"2024-07-29","CROP_2024-07-29_L2_RGap_H200_10pct_oxygen_t3min_evil_twins_pluck_1_2_Pos1_RGB.tif",1,"control","gb_retraction_end",7.53,38.0687563195147
"2024-07-29","CROP_2024-07-29_L2_RGap_H200_10pct_oxygen_t3min_evil_twins_pluck_1_2_Pos7_RGB.tif",7,"control","gb_retraction_end",6.88,36.5374402549124
"2024-07-29","CROP_2024-07-29_L2_RGap_H200_10pct_oxygen_t3min_evil_twins_pluck_1_2_Pos9_RGB.tif",9,"control","gb_retraction_end",7.43,38.9412997903564
"2024-07-29","CROP_2024-07-29_L2_RGap_H200_10pct_oxygen_t3min_evil_twins_pluck_1_2_Pos13_RGB.tif",13,"control","gb_retraction_end",7.38,38.4775808133472
"2024-07-29","CROP_2024-07-29_L2_RGap_H200_10pct_oxygen_t3min_evil_twins_pluck_1_2_Pos17_RGB.tif",17,"control","gb_retraction_end",7.08,37.2044140830268
"2024-07-29","CROP_2024-07-29_L2_RGap_H200_10pct_oxygen_t3min_evil_twins_pluck_1_2_Pos19_RGB.tif",19,"control","gb_retraction_end",7.23,38.0927291886196
"2024-07-29","CROP_2024-07-29_L2_RGap_H200_10pct_oxygen_t3min_evil_twins_pluck_1_2_Pos25_RGB.tif",25,"control","gb_retraction_end",6.98,38.2885353812397
"2024-07-29","CROP_2024-07-29_L2_RGap_H200_10pct_oxygen_t3min_evil_twins_pluck_1_2_Pos2_RGB.tif",2,"evil_twins","gb_retraction_end",8.03,39.4982784062961
"2024-07-29","CROP_2024-07-29_L2_RGap_H200_10pct_oxygen_t3min_evil_twins_pluck_1_2_Pos4_RGB.tif",4,"evil_twins","gb_retraction_end",7.88,37.470280551593
"2024-07-29","CROP_2024-07-29_L2_RGap_H200_10pct_oxygen_t3min_evil_twins_pluck_1_2_Pos5_RGB.tif",5,"evil_twins","gb_retraction_end",8.38,40.2304368698992
"2024-07-29","CROP_2024-07-29_L2_RGap_H200_10pct_oxygen_t3min_evil_twins_pluck_1_2_Pos6_RGB.tif",6,"evil_twins","gb_retraction_end",8.63,42.6594167078596
"2024-07-29","CROP_2024-07-29_L2_RGap_H200_10pct_oxygen_t3min_evil_twins_pluck_1_2_Pos8_RGB.tif",8,"evil_twins","gb_retraction_end",7.73,37.4697043141057
"2024-07-29","CROP_2024-07-29_L2_RGap_H200_10pct_oxygen_t3min_evil_twins_pluck_1_2_Pos10_RGB.tif",10,"evil_twins","gb_retraction_end",9.73,48.3358171882762
"2024-07-29","CROP_2024-07-29_L2_RGap_H200_10pct_oxygen_t3min_evil_twins_pluck_1_2_Pos11_RGB.tif",11,"evil_twins","gb_retraction_end",7.88,38.7604525332022
"2024-07-29","CROP_2024-07-29_L2_RGap_H200_10pct_oxygen_t3min_evil_twins_pluck_1_2_Pos12_RGB.tif",12,"evil_twins","gb_retraction_end",7.93,34.5082680591819
"2024-07-29","CROP_2024-07-29_L2_RGap_H200_10pct_oxygen_t3min_evil_twins_pluck_1_2_Pos14_RGB.tif",14,"evil_twins","gb_retraction_end",7.73,39.5801331285202
"2024-07-29","CROP_2024-07-29_L2_RGap_H200_10pct_oxygen_t3min_evil_twins_pluck_1_2_Pos15_RGB.tif",15,"evil_twins","gb_retraction_end",8.18,42.0998455995883
"2024-07-29","CROP_2024-07-29_L2_RGap_H200_10pct_oxygen_t3min_evil_twins_pluck_1_2_Pos16_RGB.tif",16,"evil_twins","gb_retraction_end",7.83,39.3863179074447
"2024-07-29","CROP_2024-07-29_L2_RGap_H200_10pct_oxygen_t3min_evil_twins_pluck_1_2_Pos18_RGB.tif",18,"evil_twins","gb_retraction_end",7.63,36.3679694947569
"2024-07-29","CROP_2024-07-29_L2_RGap_H200_10pct_oxygen_t3min_evil_twins_pluck_1_2_Pos20_RGB.tif",20,"evil_twins","gb_retraction_end",7.78,38.4577360355907
"2024-07-29","CROP_2024-07-29_L2_RGap_H200_10pct_oxygen_t3min_evil_twins_pluck_1_2_Pos21_RGB.tif",21,"evil_twins","gb_retraction_end",7.83,40.0921658986175
"2024-07-29","CROP_2024-07-29_L2_RGap_H200_10pct_oxygen_t3min_evil_twins_pluck_1_2_Pos23_RGB.tif",23,"evil_twins","gb_retraction_end",7.88,38.2896015549077
"2024-07-29","CROP_2024-07-29_L2_RGap_H200_10pct_oxygen_t3min_evil_twins_pluck_1_2_Pos1_RGB.tif",1,"control","gut_partition_start",10.23,51.7189079878665
"2024-07-29","CROP_2024-07-29_L2_RGap_H200_10pct_oxygen_t3min_evil_twins_pluck_1_2_Pos7_RGB.tif",7,"control","gut_partition_start",9.88,52.46946362188
"2024-07-29","CROP_2024-07-29_L2_RGap_H200_10pct_oxygen_t3min_evil_twins_pluck_1_2_Pos9_RGB.tif",9,"control","gut_partition_start",10.48,54.9266247379455
"2024-07-29","CROP_2024-07-29_L2_RGap_H200_10pct_oxygen_t3min_evil_twins_pluck_1_2_Pos13_RGB.tif",13,"control","gut_partition_start",10.28,53.5974973931178
"2024-07-29","CROP_2024-07-29_L2_RGap_H200_10pct_oxygen_t3min_evil_twins_pluck_1_2_Pos17_RGB.tif",17,"control","gut_partition_start",10.03,52.706253284288
"2024-07-29","CROP_2024-07-29_L2_RGap_H200_10pct_oxygen_t3min_evil_twins_pluck_1_2_Pos19_RGB.tif",19,"control","gut_partition_start",10.23,53.8988408851422
"2024-07-29","CROP_2024-07-29_L2_RGap_H200_10pct_oxygen_t3min_evil_twins_pluck_1_2_Pos25_RGB.tif",25,"control","gut_partition_start",9.78,53.6478332419089
"2024-07-29","CROP_2024-07-29_L2_RGap_H200_10pct_oxygen_t3min_evil_twins_pluck_1_2_Pos2_RGB.tif",2,"evil_twins","gut_partition_start",10.63,52.2872602065913
"2024-07-29","CROP_2024-07-29_L2_RGap_H200_10pct_oxygen_t3min_evil_twins_pluck_1_2_Pos4_RGB.tif",4,"evil_twins","gut_partition_start",10.68,50.7845934379458
"2024-07-29","CROP_2024-07-29_L2_RGap_H200_10pct_oxygen_t3min_evil_twins_pluck_1_2_Pos5_RGB.tif",5,"evil_twins","gut_partition_start",10.98,52.7124339894383
"2024-07-29","CROP_2024-07-29_L2_RGap_H200_10pct_oxygen_t3min_evil_twins_pluck_1_2_Pos6_RGB.tif",6,"evil_twins","gut_partition_start",10.73,53.0400395452299
"2024-07-29","CROP_2024-07-29_L2_RGap_H200_10pct_oxygen_t3min_evil_twins_pluck_1_2_Pos8_RGB.tif",8,"evil_twins","gut_partition_start",10.63,51.5269025690742
"2024-07-29","CROP_2024-07-29_L2_RGap_H200_10pct_oxygen_t3min_evil_twins_pluck_1_2_Pos10_RGB.tif",10,"evil_twins","gut_partition_start",10.68,53.0551415797317
"2024-07-29","CROP_2024-07-29_L2_RGap_H200_10pct_oxygen_t3min_evil_twins_pluck_1_2_Pos11_RGB.tif",11,"evil_twins","gut_partition_start",10.68,52.5332021642892
"2024-07-29","CROP_2024-07-29_L2_RGap_H200_10pct_oxygen_t3min_evil_twins_pluck_1_2_Pos12_RGB.tif",12,"evil_twins","gut_partition_start",10.78,46.9103568320278
"2024-07-29","CROP_2024-07-29_L2_RGap_H200_10pct_oxygen_t3min_evil_twins_pluck_1_2_Pos14_RGB.tif",14,"evil_twins","gut_partition_start",10.53,53.9170506912442
"2024-07-29","CROP_2024-07-29_L2_RGap_H200_10pct_oxygen_t3min_evil_twins_pluck_1_2_Pos15_RGB.tif",15,"evil_twins","gut_partition_start",10.68,54.9665465774575
"2024-07-29","CROP_2024-07-29_L2_RGap_H200_10pct_oxygen_t3min_evil_twins_pluck_1_2_Pos16_RGB.tif",16,"evil_twins","gut_partition_start",10.38,52.2132796780684
"2024-07-29","CROP_2024-07-29_L2_RGap_H200_10pct_oxygen_t3min_evil_twins_pluck_1_2_Pos18_RGB.tif",18,"evil_twins","gut_partition_start",10.88,51.858913250715
"2024-07-29","CROP_2024-07-29_L2_RGap_H200_10pct_oxygen_t3min_evil_twins_pluck_1_2_Pos20_RGB.tif",20,"evil_twins","gut_partition_start",10.88,53.781512605042
"2024-07-29","CROP_2024-07-29_L2_RGap_H200_10pct_oxygen_t3min_evil_twins_pluck_1_2_Pos21_RGB.tif",21,"evil_twins","gut_partition_start",10.58,54.1730670762929
"2024-07-29","CROP_2024-07-29_L2_RGap_H200_10pct_oxygen_t3min_evil_twins_pluck_1_2_Pos23_RGB.tif",23,"evil_twins","gut_partition_start",10.48,50.9232264334305
"2024-07-29","CROP_2024-07-29_L2_RGap_H200_10pct_oxygen_t3min_evil_twins_pluck_1_2_Pos1_RGB.tif",1,"control","head_involution_end",12.18,61.577350859454
"2024-07-29","CROP_2024-07-29_L2_RGap_H200_10pct_oxygen_t3min_evil_twins_pluck_1_2_Pos7_RGB.tif",7,"control","head_involution_end",11.68,62.0286776420606
"2024-07-29","CROP_2024-07-29_L2_RGap_H200_10pct_oxygen_t3min_evil_twins_pluck_1_2_Pos9_RGB.tif",9,"control","head_involution_end",12.23,64.0985324947589
"2024-07-29","CROP_2024-07-29_L2_RGap_H200_10pct_oxygen_t3min_evil_twins_pluck_1_2_Pos13_RGB.tif",13,"control","head_involution_end",11.98,62.4608967674661
"2024-07-29","CROP_2024-07-29_L2_RGap_H200_10pct_oxygen_t3min_evil_twins_pluck_1_2_Pos17_RGB.tif",17,"control","head_involution_end",11.63,61.1140304781923
"2024-07-29","CROP_2024-07-29_L2_RGap_H200_10pct_oxygen_t3min_evil_twins_pluck_1_2_Pos19_RGB.tif",19,"control","head_involution_end",12.48,65.7534246575342
"2024-07-29","CROP_2024-07-29_L2_RGap_H200_10pct_oxygen_t3min_evil_twins_pluck_1_2_Pos25_RGB.tif",25,"control","head_involution_end",11.93,65.4415798134942
"2024-07-29","CROP_2024-07-29_L2_RGap_H200_10pct_oxygen_t3min_evil_twins_pluck_1_2_Pos2_RGB.tif",2,"evil_twins","head_involution_end",13.18,64.8303000491884
"2024-07-29","CROP_2024-07-29_L2_RGap_H200_10pct_oxygen_t3min_evil_twins_pluck_1_2_Pos4_RGB.tif",4,"evil_twins","head_involution_end",12.78,60.7703281027104
"2024-07-29","CROP_2024-07-29_L2_RGap_H200_10pct_oxygen_t3min_evil_twins_pluck_1_2_Pos5_RGB.tif",5,"evil_twins","head_involution_end",13.23,63.5141622659626
"2024-07-29","CROP_2024-07-29_L2_RGap_H200_10pct_oxygen_t3min_evil_twins_pluck_1_2_Pos6_RGB.tif",6,"evil_twins","head_involution_end",12.68,62.6791893227879
"2024-07-29","CROP_2024-07-29_L2_RGap_H200_10pct_oxygen_t3min_evil_twins_pluck_1_2_Pos8_RGB.tif",8,"evil_twins","head_involution_end",12.18,59.0402326708677
"2024-07-29","CROP_2024-07-29_L2_RGap_H200_10pct_oxygen_t3min_evil_twins_pluck_1_2_Pos10_RGB.tif",10,"evil_twins","head_involution_end",12.33,61.2518628912072
"2024-07-29","CROP_2024-07-29_L2_RGap_H200_10pct_oxygen_t3min_evil_twins_pluck_1_2_Pos11_RGB.tif",11,"evil_twins","head_involution_end",12.88,63.3546483030005
"2024-07-29","CROP_2024-07-29_L2_RGap_H200_10pct_oxygen_t3min_evil_twins_pluck_1_2_Pos12_RGB.tif",12,"evil_twins","head_involution_end",12.63,54.9608355091384
"2024-07-29","CROP_2024-07-29_L2_RGap_H200_10pct_oxygen_t3min_evil_twins_pluck_1_2_Pos14_RGB.tif",14,"evil_twins","head_involution_end",12.13,62.1095750128008
"2024-07-29","CROP_2024-07-29_L2_RGap_H200_10pct_oxygen_t3min_evil_twins_pluck_1_2_Pos15_RGB.tif",15,"evil_twins","head_involution_end",12.33,63.4585692228513
"2024-07-29","CROP_2024-07-29_L2_RGap_H200_10pct_oxygen_t3min_evil_twins_pluck_1_2_Pos16_RGB.tif",16,"evil_twins","head_involution_end",12.78,64.2857142857143
"2024-07-29","CROP_2024-07-29_L2_RGap_H200_10pct_oxygen_t3min_evil_twins_pluck_1_2_Pos18_RGB.tif",18,"evil_twins","head_involution_end",12.33,58.7702573879886
"2024-07-29","CROP_2024-07-29_L2_RGap_H200_10pct_oxygen_t3min_evil_twins_pluck_1_2_Pos20_RGB.tif",20,"evil_twins","head_involution_end",12.43,61.4434008897677
"2024-07-29","CROP_2024-07-29_L2_RGap_H200_10pct_oxygen_t3min_evil_twins_pluck_1_2_Pos21_RGB.tif",21,"evil_twins","head_involution_end",12.43,63.6456733230927
"2024-07-29","CROP_2024-07-29_L2_RGap_H200_10pct_oxygen_t3min_evil_twins_pluck_1_2_Pos23_RGB.tif",23,"evil_twins","head_involution_end",12.93,62.8279883381924
"2024-07-29","CROP_2024-07-29_L2_RGap_H200_10pct_oxygen_t3min_evil_twins_pluck_1_2_Pos1_RGB.tif",1,"control","tracheae_start",16.38,82.8109201213347
"2024-07-29","CROP_2024-07-29_L2_RGap_H200_10pct_oxygen_t3min_evil_twins_pluck_1_2_Pos7_RGB.tif",7,"control","tracheae_start",15.88,84.3335103558152
"2024-07-29","CROP_2024-07-29_L2_RGap_H200_10pct_oxygen_t3min_evil_twins_pluck_1_2_Pos9_RGB.tif",9,"control","tracheae_start",16.73,87.6834381551363
"2024-07-29","CROP_2024-07-29_L2_RGap_H200_10pct_oxygen_t3min_evil_twins_pluck_1_2_Pos13_RGB.tif",13,"control","tracheae_start",16.33,85.140771637122
"2024-07-29","CROP_2024-07-29_L2_RGap_H200_10pct_oxygen_t3min_evil_twins_pluck_1_2_Pos17_RGB.tif",17,"control","tracheae_start",16.03,84.2354177614293
"2024-07-29","CROP_2024-07-29_L2_RGap_H200_10pct_oxygen_t3min_evil_twins_pluck_1_2_Pos19_RGB.tif",19,"control","tracheae_start",16.43,86.5648050579557
"2024-07-29","CROP_2024-07-29_L2_RGap_H200_10pct_oxygen_t3min_evil_twins_pluck_1_2_Pos25_RGB.tif",25,"control","tracheae_start",15.68,86.0120680197477
"2024-07-29","CROP_2024-07-29_L2_RGap_H200_10pct_oxygen_t3min_evil_twins_pluck_1_2_Pos2_RGB.tif",2,"evil_twins","tracheae_start",17.03,83.7678307919331
"2024-07-29","CROP_2024-07-29_L2_RGap_H200_10pct_oxygen_t3min_evil_twins_pluck_1_2_Pos4_RGB.tif",4,"evil_twins","tracheae_start",16.98,80.7417974322397
"2024-07-29","CROP_2024-07-29_L2_RGap_H200_10pct_oxygen_t3min_evil_twins_pluck_1_2_Pos5_RGB.tif",5,"evil_twins","tracheae_start",17.13,82.2371579452712
"2024-07-29","CROP_2024-07-29_L2_RGap_H200_10pct_oxygen_t3min_evil_twins_pluck_1_2_Pos6_RGB.tif",6,"evil_twins","tracheae_start",16.98,83.9347503707365
"2024-07-29","CROP_2024-07-29_L2_RGap_H200_10pct_oxygen_t3min_evil_twins_pluck_1_2_Pos8_RGB.tif",8,"evil_twins","tracheae_start",16.63,80.6107610276297
"2024-07-29","CROP_2024-07-29_L2_RGap_H200_10pct_oxygen_t3min_evil_twins_pluck_1_2_Pos10_RGB.tif",10,"evil_twins","tracheae_start",16.93,84.1033283656235
"2024-07-29","CROP_2024-07-29_L2_RGap_H200_10pct_oxygen_t3min_evil_twins_pluck_1_2_Pos11_RGB.tif",11,"evil_twins","tracheae_start",16.73,82.2921790457452
"2024-07-29","CROP_2024-07-29_L2_RGap_H200_10pct_oxygen_t3min_evil_twins_pluck_1_2_Pos12_RGB.tif",12,"evil_twins","tracheae_start",17.23,74.9782419495213
"2024-07-29","CROP_2024-07-29_L2_RGap_H200_10pct_oxygen_t3min_evil_twins_pluck_1_2_Pos14_RGB.tif",14,"evil_twins","tracheae_start",16.73,85.663082437276
"2024-07-29","CROP_2024-07-29_L2_RGap_H200_10pct_oxygen_t3min_evil_twins_pluck_1_2_Pos15_RGB.tif",15,"evil_twins","tracheae_start",16.68,85.8466289243438
"2024-07-29","CROP_2024-07-29_L2_RGap_H200_10pct_oxygen_t3min_evil_twins_pluck_1_2_Pos16_RGB.tif",16,"evil_twins","tracheae_start",16.83,84.6579476861167
"2024-07-29","CROP_2024-07-29_L2_RGap_H200_10pct_oxygen_t3min_evil_twins_pluck_1_2_Pos18_RGB.tif",18,"evil_twins","tracheae_start",16.63,79.2659675881792
"2024-07-29","CROP_2024-07-29_L2_RGap_H200_10pct_oxygen_t3min_evil_twins_pluck_1_2_Pos20_RGB.tif",20,"evil_twins","tracheae_start",16.93,83.6875926841325
"2024-07-29","CROP_2024-07-29_L2_RGap_H200_10pct_oxygen_t3min_evil_twins_pluck_1_2_Pos21_RGB.tif",21,"evil_twins","tracheae_start",16.63,85.1510496671787
"2024-07-29","CROP_2024-07-29_L2_RGap_H200_10pct_oxygen_t3min_evil_twins_pluck_1_2_Pos23_RGB.tif",23,"evil_twins","tracheae_start",16.53,80.3206997084548
"2024-07-29","CROP_2024-07-29_L2_RGap_H200_10pct_oxygen_t3min_evil_twins_pluck_1_2_Pos1_RGB.tif",1,"control","hatching",19.78,100
"2024-07-29","CROP_2024-07-29_L2_RGap_H200_10pct_oxygen_t3min_evil_twins_pluck_1_2_Pos7_RGB.tif",7,"control","hatching",18.83,100
"2024-07-29","CROP_2024-07-29_L2_RGap_H200_10pct_oxygen_t3min_evil_twins_pluck_1_2_Pos9_RGB.tif",9,"control","hatching",19.08,100
"2024-07-29","CROP_2024-07-29_L2_RGap_H200_10pct_oxygen_t3min_evil_twins_pluck_1_2_Pos13_RGB.tif",13,"control","hatching",19.18,100
"2024-07-29","CROP_2024-07-29_L2_RGap_H200_10pct_oxygen_t3min_evil_twins_pluck_1_2_Pos17_RGB.tif",17,"control","hatching",19.03,100
"2024-07-29","CROP_2024-07-29_L2_RGap_H200_10pct_oxygen_t3min_evil_twins_pluck_1_2_Pos19_RGB.tif",19,"control","hatching",18.98,100
"2024-07-29","CROP_2024-07-29_L2_RGap_H200_10pct_oxygen_t3min_evil_twins_pluck_1_2_Pos25_RGB.tif",25,"control","hatching",18.23,100
"2024-07-29","CROP_2024-07-29_L2_RGap_H200_10pct_oxygen_t3min_evil_twins_pluck_1_2_Pos2_RGB.tif",2,"evil_twins","hatching",20.33,100
"2024-07-29","CROP_2024-07-29_L2_RGap_H200_10pct_oxygen_t3min_evil_twins_pluck_1_2_Pos4_RGB.tif",4,"evil_twins","hatching",21.03,100
"2024-07-29","CROP_2024-07-29_L2_RGap_H200_10pct_oxygen_t3min_evil_twins_pluck_1_2_Pos5_RGB.tif",5,"evil_twins","hatching",20.83,100
"2024-07-29","CROP_2024-07-29_L2_RGap_H200_10pct_oxygen_t3min_evil_twins_pluck_1_2_Pos6_RGB.tif",6,"evil_twins","hatching",20.23,100
"2024-07-29","CROP_2024-07-29_L2_RGap_H200_10pct_oxygen_t3min_evil_twins_pluck_1_2_Pos8_RGB.tif",8,"evil_twins","hatching",20.63,100
"2024-07-29","CROP_2024-07-29_L2_RGap_H200_10pct_oxygen_t3min_evil_twins_pluck_1_2_Pos10_RGB.tif",10,"evil_twins","hatching",20.13,100
"2024-07-29","CROP_2024-07-29_L2_RGap_H200_10pct_oxygen_t3min_evil_twins_pluck_1_2_Pos11_RGB.tif",11,"evil_twins","hatching",20.33,100
"2024-07-29","CROP_2024-07-29_L2_RGap_H200_10pct_oxygen_t3min_evil_twins_pluck_1_2_Pos12_RGB.tif",12,"evil_twins","hatching",22.98,100
"2024-07-29","CROP_2024-07-29_L2_RGap_H200_10pct_oxygen_t3min_evil_twins_pluck_1_2_Pos14_RGB.tif",14,"evil_twins","hatching",19.53,100
"2024-07-29","CROP_2024-07-29_L2_RGap_H200_10pct_oxygen_t3min_evil_twins_pluck_1_2_Pos15_RGB.tif",15,"evil_twins","hatching",19.43,100
"2024-07-29","CROP_2024-07-29_L2_RGap_H200_10pct_oxygen_t3min_evil_twins_pluck_1_2_Pos16_RGB.tif",16,"evil_twins","hatching",19.88,100
"2024-07-29","CROP_2024-07-29_L2_RGap_H200_10pct_oxygen_t3min_evil_twins_pluck_1_2_Pos18_RGB.tif",18,"evil_twins","hatching",20.98,100
"2024-07-29","CROP_2024-07-29_L2_RGap_H200_10pct_oxygen_t3min_evil_twins_pluck_1_2_Pos20_RGB.tif",20,"evil_twins","hatching",20.23,100
"2024-07-29","CROP_2024-07-29_L2_RGap_H200_10pct_oxygen_t3min_evil_twins_pluck_1_2_Pos21_RGB.tif",21,"evil_twins","hatching",19.53,100
"2024-07-29","CROP_2024-07-29_L2_RGap_H200_10pct_oxygen_t3min_evil_twins_pluck_1_2_Pos23_RGB.tif",23,"evil_twins","hatching",20.58,100
"2024-08-01","CROP_2024-08-01_L2_RGap_H200_10pct_oxygen_t3min_evil_twins_pluck_1_2_Pos4_RGB.tif",4,"control","gastrulation",0,0
"2024-08-01","CROP_2024-08-01_L2_RGap_H200_10pct_oxygen_t3min_evil_twins_pluck_1_2_Pos8_RGB.tif",8,"control","gastrulation",0,0
"2024-08-01","CROP_2024-08-01_L2_RGap_H200_10pct_oxygen_t3min_evil_twins_pluck_1_2_Pos12_RGB.tif",12,"control","gastrulation",0,0
"2024-08-01","CROP_2024-08-01_L2_RGap_H200_10pct_oxygen_t3min_evil_twins_pluck_1_2_Pos14_RGB.tif",14,"control","gastrulation",0,0
"2024-08-01","CROP_2024-08-01_L2_RGap_H200_10pct_oxygen_t3min_evil_twins_pluck_1_2_Pos18_RGB.tif",18,"control","gastrulation",0,0
"2024-08-01","CROP_2024-08-01_L2_RGap_H200_10pct_oxygen_t3min_evil_twins_pluck_1_2_Pos22_RGB.tif",22,"control","gastrulation",0,0
"2024-08-01","CROP_2024-08-01_L2_RGap_H200_10pct_oxygen_t3min_evil_twins_pluck_1_2_Pos24_RGB.tif",24,"control","gastrulation",0,0
"2024-08-01","CROP_2024-08-01_L2_RGap_H200_10pct_oxygen_t3min_evil_twins_pluck_1_2_Pos1_RGB.tif",1,"evil_twins","gastrulation",0,0
"2024-08-01","CROP_2024-08-01_L2_RGap_H200_10pct_oxygen_t3min_evil_twins_pluck_1_2_Pos3_RGB.tif",3,"evil_twins","gastrulation",0,0
"2024-08-01","CROP_2024-08-01_L2_RGap_H200_10pct_oxygen_t3min_evil_twins_pluck_1_2_Pos5_RGB.tif",5,"evil_twins","gastrulation",0,0
"2024-08-01","CROP_2024-08-01_L2_RGap_H200_10pct_oxygen_t3min_evil_twins_pluck_1_2_Pos6_RGB.tif",6,"evil_twins","gastrulation",0,0
"2024-08-01","CROP_2024-08-01_L2_RGap_H200_10pct_oxygen_t3min_evil_twins_pluck_1_2_Pos7_RGB.tif",7,"evil_twins","gastrulation",0,0
"2024-08-01","CROP_2024-08-01_L2_RGap_H200_10pct_oxygen_t3min_evil_twins_pluck_1_2_Pos9_RGB.tif",9,"evil_twins","gastrulation",0,0
"2024-08-01","CROP_2024-08-01_L2_RGap_H200_10pct_oxygen_t3min_evil_twins_pluck_1_2_Pos10_RGB.tif",10,"evil_twins","gastrulation",0,0
"2024-08-01","CROP_2024-08-01_L2_RGap_H200_10pct_oxygen_t3min_evil_twins_pluck_1_2_Pos11_RGB.tif",11,"evil_twins","gastrulation",0,0
"2024-08-01","CROP_2024-08-01_L2_RGap_H200_10pct_oxygen_t3min_evil_twins_pluck_1_2_Pos15_RGB.tif",15,"evil_twins","gastrulation",0,0
"2024-08-01","CROP_2024-08-01_L2_RGap_H200_10pct_oxygen_t3min_evil_twins_pluck_1_2_Pos16_RGB.tif",16,"evil_twins","gastrulation",0,0
"2024-08-01","CROP_2024-08-01_L2_RGap_H200_10pct_oxygen_t3min_evil_twins_pluck_1_2_Pos17_RGB.tif",17,"evil_twins","gastrulation",0,0
"2024-08-01","CROP_2024-08-01_L2_RGap_H200_10pct_oxygen_t3min_evil_twins_pluck_1_2_Pos19_RGB.tif",19,"evil_twins","gastrulation",0,0
"2024-08-01","CROP_2024-08-01_L2_RGap_H200_10pct_oxygen_t3min_evil_twins_pluck_1_2_Pos21_RGB.tif",21,"evil_twins","gastrulation",0,0
"2024-08-01","CROP_2024-08-01_L2_RGap_H200_10pct_oxygen_t3min_evil_twins_pluck_1_2_Pos4_RGB.tif",4,"control","cf_folding_start",-0.05,-0.274725274725275
"2024-08-01","CROP_2024-08-01_L2_RGap_H200_10pct_oxygen_t3min_evil_twins_pluck_1_2_Pos8_RGB.tif",8,"control","cf_folding_start",0,0
"2024-08-01","CROP_2024-08-01_L2_RGap_H200_10pct_oxygen_t3min_evil_twins_pluck_1_2_Pos12_RGB.tif",12,"control","cf_folding_start",-0.05,-0.278551532033426
"2024-08-01","CROP_2024-08-01_L2_RGap_H200_10pct_oxygen_t3min_evil_twins_pluck_1_2_Pos14_RGB.tif",14,"control","cf_folding_start",-0.05,-0.274725274725275
"2024-08-01","CROP_2024-08-01_L2_RGap_H200_10pct_oxygen_t3min_evil_twins_pluck_1_2_Pos18_RGB.tif",18,"control","cf_folding_start",0.05,0.27027027027027
"2024-08-01","CROP_2024-08-01_L2_RGap_H200_10pct_oxygen_t3min_evil_twins_pluck_1_2_Pos22_RGB.tif",22,"control","cf_folding_start",0,0
"2024-08-01","CROP_2024-08-01_L2_RGap_H200_10pct_oxygen_t3min_evil_twins_pluck_1_2_Pos24_RGB.tif",24,"control","cf_folding_start",0.05,0.266666666666667
"2024-08-01","CROP_2024-08-01_L2_RGap_H200_10pct_oxygen_t3min_evil_twins_pluck_1_2_Pos1_RGB.tif",1,"evil_twins","cf_folding_start",0.4,2.17391304347826
"2024-08-01","CROP_2024-08-01_L2_RGap_H200_10pct_oxygen_t3min_evil_twins_pluck_1_2_Pos3_RGB.tif",3,"evil_twins","cf_folding_start",0.55,2.93333333333333
"2024-08-01","CROP_2024-08-01_L2_RGap_H200_10pct_oxygen_t3min_evil_twins_pluck_1_2_Pos5_RGB.tif",5,"evil_twins","cf_folding_start",0.6,3.18302387267904
"2024-08-01","CROP_2024-08-01_L2_RGap_H200_10pct_oxygen_t3min_evil_twins_pluck_1_2_Pos6_RGB.tif",6,"evil_twins","cf_folding_start",0.75,3.57142857142857
"2024-08-01","CROP_2024-08-01_L2_RGap_H200_10pct_oxygen_t3min_evil_twins_pluck_1_2_Pos7_RGB.tif",7,"evil_twins","cf_folding_start",0.35,1.85185185185185
"2024-08-01","CROP_2024-08-01_L2_RGap_H200_10pct_oxygen_t3min_evil_twins_pluck_1_2_Pos9_RGB.tif",9,"evil_twins","cf_folding_start",0.3,1.57894736842105
"2024-08-01","CROP_2024-08-01_L2_RGap_H200_10pct_oxygen_t3min_evil_twins_pluck_1_2_Pos10_RGB.tif",10,"evil_twins","cf_folding_start",0.35,1.90217391304348
"2024-08-01","CROP_2024-08-01_L2_RGap_H200_10pct_oxygen_t3min_evil_twins_pluck_1_2_Pos11_RGB.tif",11,"evil_twins","cf_folding_start",0.75,3.95778364116095
"2024-08-01","CROP_2024-08-01_L2_RGap_H200_10pct_oxygen_t3min_evil_twins_pluck_1_2_Pos15_RGB.tif",15,"evil_twins","cf_folding_start",0.6,2.86396181384248
"2024-08-01","CROP_2024-08-01_L2_RGap_H200_10pct_oxygen_t3min_evil_twins_pluck_1_2_Pos16_RGB.tif",16,"evil_twins","cf_folding_start",0.55,2.64423076923077
"2024-08-01","CROP_2024-08-01_L2_RGap_H200_10pct_oxygen_t3min_evil_twins_pluck_1_2_Pos17_RGB.tif",17,"evil_twins","cf_folding_start",0.9,4.90463215258856
"2024-08-01","CROP_2024-08-01_L2_RGap_H200_10pct_oxygen_t3min_evil_twins_pluck_1_2_Pos19_RGB.tif",19,"evil_twins","cf_folding_start",0.55,2.55220417633411
"2024-08-01","CROP_2024-08-01_L2_RGap_H200_10pct_oxygen_t3min_evil_twins_pluck_1_2_Pos21_RGB.tif",21,"evil_twins","cf_folding_start",0.8,4.27807486631016
"2024-08-01","CROP_2024-08-01_L2_RGap_H200_10pct_oxygen_t3min_evil_twins_pluck_1_2_Pos4_RGB.tif",4,"control","gb_extension_start",0.3,1.64835164835165
"2024-08-01","CROP_2024-08-01_L2_RGap_H200_10pct_oxygen_t3min_evil_twins_pluck_1_2_Pos8_RGB.tif",8,"control","gb_extension_start",0.3,1.61725067385445
"2024-08-01","CROP_2024-08-01_L2_RGap_H200_10pct_oxygen_t3min_evil_twins_pluck_1_2_Pos12_RGB.tif",12,"control","gb_extension_start",0.2,1.11420612813371
"2024-08-01","CROP_2024-08-01_L2_RGap_H200_10pct_oxygen_t3min_evil_twins_pluck_1_2_Pos14_RGB.tif",14,"control","gb_extension_start",0.2,1.0989010989011
"2024-08-01","CROP_2024-08-01_L2_RGap_H200_10pct_oxygen_t3min_evil_twins_pluck_1_2_Pos18_RGB.tif",18,"control","gb_extension_start",0.25,1.35135135135135
"2024-08-01","CROP_2024-08-01_L2_RGap_H200_10pct_oxygen_t3min_evil_twins_pluck_1_2_Pos22_RGB.tif",22,"control","gb_extension_start",0.3,1.6260162601626
"2024-08-01","CROP_2024-08-01_L2_RGap_H200_10pct_oxygen_t3min_evil_twins_pluck_1_2_Pos24_RGB.tif",24,"control","gb_extension_start",0.3,1.6
"2024-08-01","CROP_2024-08-01_L2_RGap_H200_10pct_oxygen_t3min_evil_twins_pluck_1_2_Pos1_RGB.tif",1,"evil_twins","gb_extension_start",0.25,1.35869565217391
"2024-08-01","CROP_2024-08-01_L2_RGap_H200_10pct_oxygen_t3min_evil_twins_pluck_1_2_Pos3_RGB.tif",3,"evil_twins","gb_extension_start",0.25,1.33333333333333
"2024-08-01","CROP_2024-08-01_L2_RGap_H200_10pct_oxygen_t3min_evil_twins_pluck_1_2_Pos5_RGB.tif",5,"evil_twins","gb_extension_start",0.25,1.3262599469496
"2024-08-01","CROP_2024-08-01_L2_RGap_H200_10pct_oxygen_t3min_evil_twins_pluck_1_2_Pos6_RGB.tif",6,"evil_twins","gb_extension_start",0.25,1.19047619047619
"2024-08-01","CROP_2024-08-01_L2_RGap_H200_10pct_oxygen_t3min_evil_twins_pluck_1_2_Pos7_RGB.tif",7,"evil_twins","gb_extension_start",0.25,1.32275132275132
"2024-08-01","CROP_2024-08-01_L2_RGap_H200_10pct_oxygen_t3min_evil_twins_pluck_1_2_Pos9_RGB.tif",9,"evil_twins","gb_extension_start",0.3,1.57894736842105
"2024-08-01","CROP_2024-08-01_L2_RGap_H200_10pct_oxygen_t3min_evil_twins_pluck_1_2_Pos10_RGB.tif",10,"evil_twins","gb_extension_start",0.2,1.08695652173913
"2024-08-01","CROP_2024-08-01_L2_RGap_H200_10pct_oxygen_t3min_evil_twins_pluck_1_2_Pos11_RGB.tif",11,"evil_twins","gb_extension_start",0.25,1.31926121372032
"2024-08-01","CROP_2024-08-01_L2_RGap_H200_10pct_oxygen_t3min_evil_twins_pluck_1_2_Pos15_RGB.tif",15,"evil_twins","gb_extension_start",0.3,1.43198090692124
"2024-08-01","CROP_2024-08-01_L2_RGap_H200_10pct_oxygen_t3min_evil_twins_pluck_1_2_Pos16_RGB.tif",16,"evil_twins","gb_extension_start",0.25,1.20192307692308
"2024-08-01","CROP_2024-08-01_L2_RGap_H200_10pct_oxygen_t3min_evil_twins_pluck_1_2_Pos17_RGB.tif",17,"evil_twins","gb_extension_start",0.3,1.63487738419619
"2024-08-01","CROP_2024-08-01_L2_RGap_H200_10pct_oxygen_t3min_evil_twins_pluck_1_2_Pos19_RGB.tif",19,"evil_twins","gb_extension_start",0.3,1.39211136890951
"2024-08-01","CROP_2024-08-01_L2_RGap_H200_10pct_oxygen_t3min_evil_twins_pluck_1_2_Pos21_RGB.tif",21,"evil_twins","gb_extension_start",0.35,1.8716577540107
"2024-08-01","CROP_2024-08-01_L2_RGap_H200_10pct_oxygen_t3min_evil_twins_pluck_1_2_Pos4_RGB.tif",4,"control","gb_retraction_end",6.7,36.8131868131868
"2024-08-01","CROP_2024-08-01_L2_RGap_H200_10pct_oxygen_t3min_evil_twins_pluck_1_2_Pos8_RGB.tif",8,"control","gb_retraction_end",7.4,39.8921832884097
"2024-08-01","CROP_2024-08-01_L2_RGap_H200_10pct_oxygen_t3min_evil_twins_pluck_1_2_Pos12_RGB.tif",12,"control","gb_retraction_end",7.1,39.5543175487465
"2024-08-01","CROP_2024-08-01_L2_RGap_H200_10pct_oxygen_t3min_evil_twins_pluck_1_2_Pos14_RGB.tif",14,"control","gb_retraction_end",7.3,40.1098901098901
"2024-08-01","CROP_2024-08-01_L2_RGap_H200_10pct_oxygen_t3min_evil_twins_pluck_1_2_Pos18_RGB.tif",18,"control","gb_retraction_end",7.15,38.6486486486486
"2024-08-01","CROP_2024-08-01_L2_RGap_H200_10pct_oxygen_t3min_evil_twins_pluck_1_2_Pos22_RGB.tif",22,"control","gb_retraction_end",7.05,38.2113821138211
"2024-08-01","CROP_2024-08-01_L2_RGap_H200_10pct_oxygen_t3min_evil_twins_pluck_1_2_Pos24_RGB.tif",24,"control","gb_retraction_end",7.2,38.4
"2024-08-01","CROP_2024-08-01_L2_RGap_H200_10pct_oxygen_t3min_evil_twins_pluck_1_2_Pos1_RGB.tif",1,"evil_twins","gb_retraction_end",8.2,44.5652173913043
"2024-08-01","CROP_2024-08-01_L2_RGap_H200_10pct_oxygen_t3min_evil_twins_pluck_1_2_Pos3_RGB.tif",3,"evil_twins","gb_retraction_end",7.8,41.6
"2024-08-01","CROP_2024-08-01_L2_RGap_H200_10pct_oxygen_t3min_evil_twins_pluck_1_2_Pos5_RGB.tif",5,"evil_twins","gb_retraction_end",7.7,40.8488063660477
"2024-08-01","CROP_2024-08-01_L2_RGap_H200_10pct_oxygen_t3min_evil_twins_pluck_1_2_Pos6_RGB.tif",6,"evil_twins","gb_retraction_end",7.75,36.9047619047619
"2024-08-01","CROP_2024-08-01_L2_RGap_H200_10pct_oxygen_t3min_evil_twins_pluck_1_2_Pos7_RGB.tif",7,"evil_twins","gb_retraction_end",7.65,40.4761904761905
"2024-08-01","CROP_2024-08-01_L2_RGap_H200_10pct_oxygen_t3min_evil_twins_pluck_1_2_Pos9_RGB.tif",9,"evil_twins","gb_retraction_end",7.55,39.7368421052632
"2024-08-01","CROP_2024-08-01_L2_RGap_H200_10pct_oxygen_t3min_evil_twins_pluck_1_2_Pos10_RGB.tif",10,"evil_twins","gb_retraction_end",7.5,40.7608695652174
"2024-08-01","CROP_2024-08-01_L2_RGap_H200_10pct_oxygen_t3min_evil_twins_pluck_1_2_Pos11_RGB.tif",11,"evil_twins","gb_retraction_end",7.5,39.5778364116095
"2024-08-01","CROP_2024-08-01_L2_RGap_H200_10pct_oxygen_t3min_evil_twins_pluck_1_2_Pos15_RGB.tif",15,"evil_twins","gb_retraction_end",7.6,36.2768496420048
"2024-08-01","CROP_2024-08-01_L2_RGap_H200_10pct_oxygen_t3min_evil_twins_pluck_1_2_Pos16_RGB.tif",16,"evil_twins","gb_retraction_end",7.75,37.2596153846154
"2024-08-01","CROP_2024-08-01_L2_RGap_H200_10pct_oxygen_t3min_evil_twins_pluck_1_2_Pos17_RGB.tif",17,"evil_twins","gb_retraction_end",7.55,41.1444141689373
"2024-08-01","CROP_2024-08-01_L2_RGap_H200_10pct_oxygen_t3min_evil_twins_pluck_1_2_Pos19_RGB.tif",19,"evil_twins","gb_retraction_end",7.55,35.0348027842227
"2024-08-01","CROP_2024-08-01_L2_RGap_H200_10pct_oxygen_t3min_evil_twins_pluck_1_2_Pos21_RGB.tif",21,"evil_twins","gb_retraction_end",8,42.7807486631016
"2024-08-01","CROP_2024-08-01_L2_RGap_H200_10pct_oxygen_t3min_evil_twins_pluck_1_2_Pos4_RGB.tif",4,"control","hatching",18.2,100
"2024-08-01","CROP_2024-08-01_L2_RGap_H200_10pct_oxygen_t3min_evil_twins_pluck_1_2_Pos8_RGB.tif",8,"control","hatching",18.55,100
"2024-08-01","CROP_2024-08-01_L2_RGap_H200_10pct_oxygen_t3min_evil_twins_pluck_1_2_Pos12_RGB.tif",12,"control","hatching",17.95,100
"2024-08-01","CROP_2024-08-01_L2_RGap_H200_10pct_oxygen_t3min_evil_twins_pluck_1_2_Pos14_RGB.tif",14,"control","hatching",18.2,100
"2024-08-01","CROP_2024-08-01_L2_RGap_H200_10pct_oxygen_t3min_evil_twins_pluck_1_2_Pos18_RGB.tif",18,"control","hatching",18.5,100
"2024-08-01","CROP_2024-08-01_L2_RGap_H200_10pct_oxygen_t3min_evil_twins_pluck_1_2_Pos22_RGB.tif",22,"control","hatching",18.45,100
"2024-08-01","CROP_2024-08-01_L2_RGap_H200_10pct_oxygen_t3min_evil_twins_pluck_1_2_Pos24_RGB.tif",24,"control","hatching",18.75,100
"2024-08-01","CROP_2024-08-01_L2_RGap_H200_10pct_oxygen_t3min_evil_twins_pluck_1_2_Pos1_RGB.tif",1,"evil_twins","hatching",18.4,100
"2024-08-01","CROP_2024-08-01_L2_RGap_H200_10pct_oxygen_t3min_evil_twins_pluck_1_2_Pos3_RGB.tif",3,"evil_twins","hatching",18.75,100
"2024-08-01","CROP_2024-08-01_L2_RGap_H200_10pct_oxygen_t3min_evil_twins_pluck_1_2_Pos5_RGB.tif",5,"evil_twins","hatching",18.85,100
"2024-08-01","CROP_2024-08-01_L2_RGap_H200_10pct_oxygen_t3min_evil_twins_pluck_1_2_Pos6_RGB.tif",6,"evil_twins","hatching",21,100
"2024-08-01","CROP_2024-08-01_L2_RGap_H200_10pct_oxygen_t3min_evil_twins_pluck_1_2_Pos7_RGB.tif",7,"evil_twins","hatching",18.9,100
"2024-08-01","CROP_2024-08-01_L2_RGap_H200_10pct_oxygen_t3min_evil_twins_pluck_1_2_Pos9_RGB.tif",9,"evil_twins","hatching",19,100
"2024-08-01","CROP_2024-08-01_L2_RGap_H200_10pct_oxygen_t3min_evil_twins_pluck_1_2_Pos10_RGB.tif",10,"evil_twins","hatching",18.4,100
"2024-08-01","CROP_2024-08-01_L2_RGap_H200_10pct_oxygen_t3min_evil_twins_pluck_1_2_Pos11_RGB.tif",11,"evil_twins","hatching",18.95,100
"2024-08-01","CROP_2024-08-01_L2_RGap_H200_10pct_oxygen_t3min_evil_twins_pluck_1_2_Pos15_RGB.tif",15,"evil_twins","hatching",20.95,100
"2024-08-01","CROP_2024-08-01_L2_RGap_H200_10pct_oxygen_t3min_evil_twins_pluck_1_2_Pos16_RGB.tif",16,"evil_twins","hatching",20.8,100
"2024-08-01","CROP_2024-08-01_L2_RGap_H200_10pct_oxygen_t3min_evil_twins_pluck_1_2_Pos17_RGB.tif",17,"evil_twins","hatching",18.35,100
"2024-08-01","CROP_2024-08-01_L2_RGap_H200_10pct_oxygen_t3min_evil_twins_pluck_1_2_Pos19_RGB.tif",19,"evil_twins","hatching",21.55,100
"2024-08-01","CROP_2024-08-01_L2_RGap_H200_10pct_oxygen_t3min_evil_twins_pluck_1_2_Pos21_RGB.tif",21,"evil_twins","hatching",18.7,100
"2024-08-05","CROP_2024-08-05_L2_RGap_H200_10pct_oxygen_t3min_evil_twins_pluck_1_2_Pos1_RGB.tif",1,"control","gastrulation",0,0
"2024-08-05","CROP_2024-08-05_L2_RGap_H200_10pct_oxygen_t3min_evil_twins_pluck_1_2_Pos4_RGB.tif",4,"control","gastrulation",0,0
"2024-08-05","CROP_2024-08-05_L2_RGap_H200_10pct_oxygen_t3min_evil_twins_pluck_1_2_Pos8_RGB.tif",8,"control","gastrulation",0,0
"2024-08-05","CROP_2024-08-05_L2_RGap_H200_10pct_oxygen_t3min_evil_twins_pluck_1_2_Pos11_RGB.tif",11,"control","gastrulation",0,0
"2024-08-05","CROP_2024-08-05_L2_RGap_H200_10pct_oxygen_t3min_evil_twins_pluck_1_2_Pos14_RGB.tif",14,"control","gastrulation",0,0
"2024-08-05","CROP_2024-08-05_L2_RGap_H200_10pct_oxygen_t3min_evil_twins_pluck_1_2_Pos16_RGB.tif",16,"control","gastrulation",0,0
"2024-08-05","CROP_2024-08-05_L2_RGap_H200_10pct_oxygen_t3min_evil_twins_pluck_1_2_Pos18_RGB.tif",18,"control","gastrulation",0,0
"2024-08-05","CROP_2024-08-05_L2_RGap_H200_10pct_oxygen_t3min_evil_twins_pluck_1_2_Pos24_RGB.tif",24,"control","gastrulation",0,0
"2024-08-05","CROP_2024-08-05_L2_RGap_H200_10pct_oxygen_t3min_evil_twins_pluck_1_2_Pos2_RGB.tif",2,"evil_twins","gastrulation",0,0
"2024-08-05","CROP_2024-08-05_L2_RGap_H200_10pct_oxygen_t3min_evil_twins_pluck_1_2_Pos3_RGB.tif",3,"evil_twins","gastrulation",0,0
"2024-08-05","CROP_2024-08-05_L2_RGap_H200_10pct_oxygen_t3min_evil_twins_pluck_1_2_Pos5_RGB.tif",5,"evil_twins","gastrulation",0,0
"2024-08-05","CROP_2024-08-05_L2_RGap_H200_10pct_oxygen_t3min_evil_twins_pluck_1_2_Pos7_RGB.tif",7,"evil_twins","gastrulation",0,0
"2024-08-05","CROP_2024-08-05_L2_RGap_H200_10pct_oxygen_t3min_evil_twins_pluck_1_2_Pos9_RGB.tif",9,"evil_twins","gastrulation",0,0
"2024-08-05","CROP_2024-08-05_L2_RGap_H200_10pct_oxygen_t3min_evil_twins_pluck_1_2_Pos10_RGB.tif",10,"evil_twins","gastrulation",0,0
"2024-08-05","CROP_2024-08-05_L2_RGap_H200_10pct_oxygen_t3min_evil_twins_pluck_1_2_Pos12_RGB.tif",12,"evil_twins","gastrulation",0,0
"2024-08-05","CROP_2024-08-05_L2_RGap_H200_10pct_oxygen_t3min_evil_twins_pluck_1_2_Pos13_RGB.tif",13,"evil_twins","gastrulation",0,0
"2024-08-05","CROP_2024-08-05_L2_RGap_H200_10pct_oxygen_t3min_evil_twins_pluck_1_2_Pos15_RGB.tif",15,"evil_twins","gastrulation",0,0
"2024-08-05","CROP_2024-08-05_L2_RGap_H200_10pct_oxygen_t3min_evil_twins_pluck_1_2_Pos17_RGB.tif",17,"evil_twins","gastrulation",0,0
"2024-08-05","CROP_2024-08-05_L2_RGap_H200_10pct_oxygen_t3min_evil_twins_pluck_1_2_Pos19_RGB.tif",19,"evil_twins","gastrulation",0,0
"2024-08-05","CROP_2024-08-05_L2_RGap_H200_10pct_oxygen_t3min_evil_twins_pluck_1_2_Pos20_RGB.tif",20,"evil_twins","gastrulation",0,0
"2024-08-05","CROP_2024-08-05_L2_RGap_H200_10pct_oxygen_t3min_evil_twins_pluck_1_2_Pos21_RGB.tif",21,"evil_twins","gastrulation",0,0
"2024-08-05","CROP_2024-08-05_L2_RGap_H200_10pct_oxygen_t3min_evil_twins_pluck_1_2_Pos23_RGB.tif",23,"evil_twins","gastrulation",0,0
"2024-08-05","CROP_2024-08-05_L2_RGap_H200_10pct_oxygen_t3min_evil_twins_pluck_1_2_Pos1_RGB.tif",1,"control","cf_folding_start",-0.05,-0.253549695740365
"2024-08-05","CROP_2024-08-05_L2_RGap_H200_10pct_oxygen_t3min_evil_twins_pluck_1_2_Pos4_RGB.tif",4,"control","cf_folding_start",-0.05,-0.233426704014939
"2024-08-05","CROP_2024-08-05_L2_RGap_H200_10pct_oxygen_t3min_evil_twins_pluck_1_2_Pos8_RGB.tif",8,"control","cf_folding_start",-0.1,-0.483792936623125
"2024-08-05","CROP_2024-08-05_L2_RGap_H200_10pct_oxygen_t3min_evil_twins_pluck_1_2_Pos11_RGB.tif",11,"control","cf_folding_start",0,0
"2024-08-05","CROP_2024-08-05_L2_RGap_H200_10pct_oxygen_t3min_evil_twins_pluck_1_2_Pos14_RGB.tif",14,"control","cf_folding_start",0.05,0.25419420437214
"2024-08-05","CROP_2024-08-05_L2_RGap_H200_10pct_oxygen_t3min_evil_twins_pluck_1_2_Pos16_RGB.tif",16,"control","cf_folding_start",0.1,0.490918016691213
"2024-08-05","CROP_2024-08-05_L2_RGap_H200_10pct_oxygen_t3min_evil_twins_pluck_1_2_Pos18_RGB.tif",18,"control","cf_folding_start",0.05,0.258131130614352
"2024-08-05","CROP_2024-08-05_L2_RGap_H200_10pct_oxygen_t3min_evil_twins_pluck_1_2_Pos24_RGB.tif",24,"control","cf_folding_start",-0.05,-0.249128051818635
"2024-08-05","CROP_2024-08-05_L2_RGap_H200_10pct_oxygen_t3min_evil_twins_pluck_1_2_Pos2_RGB.tif",2,"evil_twins","cf_folding_start",0.9,4.364694471387
"2024-08-05","CROP_2024-08-05_L2_RGap_H200_10pct_oxygen_t3min_evil_twins_pluck_1_2_Pos3_RGB.tif",3,"evil_twins","cf_folding_start",0.6,2.84090909090909
"2024-08-05","CROP_2024-08-05_L2_RGap_H200_10pct_oxygen_t3min_evil_twins_pluck_1_2_Pos5_RGB.tif",5,"evil_twins","cf_folding_start",1.05,5.15463917525773
"2024-08-05","CROP_2024-08-05_L2_RGap_H200_10pct_oxygen_t3min_evil_twins_pluck_1_2_Pos7_RGB.tif",7,"evil_twins","cf_folding_start",0.45,2.17706821480406
"2024-08-05","CROP_2024-08-05_L2_RGap_H200_10pct_oxygen_t3min_evil_twins_pluck_1_2_Pos9_RGB.tif",9,"evil_twins","cf_folding_start",0.55,2.59801606046292
"2024-08-05","CROP_2024-08-05_L2_RGap_H200_10pct_oxygen_t3min_evil_twins_pluck_1_2_Pos10_RGB.tif",10,"evil_twins","cf_folding_start",0.35,1.68107588856868
"2024-08-05","CROP_2024-08-05_L2_RGap_H200_10pct_oxygen_t3min_evil_twins_pluck_1_2_Pos12_RGB.tif",12,"evil_twins","cf_folding_start",0.75,3.57653791130186
"2024-08-05","CROP_2024-08-05_L2_RGap_H200_10pct_oxygen_t3min_evil_twins_pluck_1_2_Pos13_RGB.tif",13,"evil_twins","cf_folding_start",0.85,4.00565504241282
"2024-08-05","CROP_2024-08-05_L2_RGap_H200_10pct_oxygen_t3min_evil_twins_pluck_1_2_Pos15_RGB.tif",15,"evil_twins","cf_folding_start",1.27,6.17403986387944
"2024-08-05","CROP_2024-08-05_L2_RGap_H200_10pct_oxygen_t3min_evil_twins_pluck_1_2_Pos17_RGB.tif",17,"evil_twins","cf_folding_start",0.6,2.94550810014728
"2024-08-05","CROP_2024-08-05_L2_RGap_H200_10pct_oxygen_t3min_evil_twins_pluck_1_2_Pos19_RGB.tif",19,"evil_twins","cf_folding_start",0.75,3.66389838788471
"2024-08-05","CROP_2024-08-05_L2_RGap_H200_10pct_oxygen_t3min_evil_twins_pluck_1_2_Pos20_RGB.tif",20,"evil_twins","cf_folding_start",0.45,1.99379707576429
"2024-08-05","CROP_2024-08-05_L2_RGap_H200_10pct_oxygen_t3min_evil_twins_pluck_1_2_Pos21_RGB.tif",21,"evil_twins","cf_folding_start",0.8,3.90815828041036
"2024-08-05","CROP_2024-08-05_L2_RGap_H200_10pct_oxygen_t3min_evil_twins_pluck_1_2_Pos23_RGB.tif",23,"evil_twins","cf_folding_start",0.75,3.61097737120847
"2024-08-05","CROP_2024-08-05_L2_RGap_H200_10pct_oxygen_t3min_evil_twins_pluck_1_2_Pos1_RGB.tif",1,"control","gb_extension_start",0.25,1.26774847870183
"2024-08-05","CROP_2024-08-05_L2_RGap_H200_10pct_oxygen_t3min_evil_twins_pluck_1_2_Pos4_RGB.tif",4,"control","gb_extension_start",0.25,1.1671335200747
"2024-08-05","CROP_2024-08-05_L2_RGap_H200_10pct_oxygen_t3min_evil_twins_pluck_1_2_Pos8_RGB.tif",8,"control","gb_extension_start",0.3,1.45137880986938
"2024-08-05","CROP_2024-08-05_L2_RGap_H200_10pct_oxygen_t3min_evil_twins_pluck_1_2_Pos11_RGB.tif",11,"control","gb_extension_start",0.2,1.02722136620442
"2024-08-05","CROP_2024-08-05_L2_RGap_H200_10pct_oxygen_t3min_evil_twins_pluck_1_2_Pos14_RGB.tif",14,"control","gb_extension_start",0.35,1.77935943060498
"2024-08-05","CROP_2024-08-05_L2_RGap_H200_10pct_oxygen_t3min_evil_twins_pluck_1_2_Pos16_RGB.tif",16,"control","gb_extension_start",0.35,1.71821305841924
"2024-08-05","CROP_2024-08-05_L2_RGap_H200_10pct_oxygen_t3min_evil_twins_pluck_1_2_Pos18_RGB.tif",18,"control","gb_extension_start",0.3,1.54878678368611
"2024-08-05","CROP_2024-08-05_L2_RGap_H200_10pct_oxygen_t3min_evil_twins_pluck_1_2_Pos24_RGB.tif",24,"control","gb_extension_start",0.25,1.24564025909317
"2024-08-05","CROP_2024-08-05_L2_RGap_H200_10pct_oxygen_t3min_evil_twins_pluck_1_2_Pos2_RGB.tif",2,"evil_twins","gb_extension_start",0.3,1.454898157129
"2024-08-05","CROP_2024-08-05_L2_RGap_H200_10pct_oxygen_t3min_evil_twins_pluck_1_2_Pos3_RGB.tif",3,"evil_twins","gb_extension_start",0.35,1.65719696969697
"2024-08-05","CROP_2024-08-05_L2_RGap_H200_10pct_oxygen_t3min_evil_twins_pluck_1_2_Pos5_RGB.tif",5,"evil_twins","gb_extension_start",0.35,1.71821305841924
"2024-08-05","CROP_2024-08-05_L2_RGap_H200_10pct_oxygen_t3min_evil_twins_pluck_1_2_Pos7_RGB.tif",7,"evil_twins","gb_extension_start",0.3,1.45137880986938
"2024-08-05","CROP_2024-08-05_L2_RGap_H200_10pct_oxygen_t3min_evil_twins_pluck_1_2_Pos9_RGB.tif",9,"evil_twins","gb_extension_start",0.3,1.41709966934341
"2024-08-05","CROP_2024-08-05_L2_RGap_H200_10pct_oxygen_t3min_evil_twins_pluck_1_2_Pos10_RGB.tif",10,"evil_twins","gb_extension_start",0.3,1.44092219020173
"2024-08-05","CROP_2024-08-05_L2_RGap_H200_10pct_oxygen_t3min_evil_twins_pluck_1_2_Pos12_RGB.tif",12,"evil_twins","gb_extension_start",0.3,1.43061516452074
"2024-08-05","CROP_2024-08-05_L2_RGap_H200_10pct_oxygen_t3min_evil_twins_pluck_1_2_Pos13_RGB.tif",13,"evil_twins","gb_extension_start",0.4,1.88501413760603
"2024-08-05","CROP_2024-08-05_L2_RGap_H200_10pct_oxygen_t3min_evil_twins_pluck_1_2_Pos15_RGB.tif",15,"evil_twins","gb_extension_start",0.3,1.45843461351483
"2024-08-05","CROP_2024-08-05_L2_RGap_H200_10pct_oxygen_t3min_evil_twins_pluck_1_2_Pos17_RGB.tif",17,"evil_twins","gb_extension_start",0.25,1.22729504172803
"2024-08-05","CROP_2024-08-05_L2_RGap_H200_10pct_oxygen_t3min_evil_twins_pluck_1_2_Pos19_RGB.tif",19,"evil_twins","gb_extension_start",0.3,1.46555935515388
"2024-08-05","CROP_2024-08-05_L2_RGap_H200_10pct_oxygen_t3min_evil_twins_pluck_1_2_Pos20_RGB.tif",20,"evil_twins","gb_extension_start",0.35,1.55073105892778
"2024-08-05","CROP_2024-08-05_L2_RGap_H200_10pct_oxygen_t3min_evil_twins_pluck_1_2_Pos21_RGB.tif",21,"evil_twins","gb_extension_start",0.35,1.70981924767953
"2024-08-05","CROP_2024-08-05_L2_RGap_H200_10pct_oxygen_t3min_evil_twins_pluck_1_2_Pos23_RGB.tif",23,"evil_twins","gb_extension_start",0.3,1.44439094848339
"2024-08-05","CROP_2024-08-05_L2_RGap_H200_10pct_oxygen_t3min_evil_twins_pluck_1_2_Pos1_RGB.tif",1,"control","gb_retraction_end",7.72,39.1480730223124
"2024-08-05","CROP_2024-08-05_L2_RGap_H200_10pct_oxygen_t3min_evil_twins_pluck_1_2_Pos4_RGB.tif",4,"control","gb_retraction_end",7.67,35.8076563958917
"2024-08-05","CROP_2024-08-05_L2_RGap_H200_10pct_oxygen_t3min_evil_twins_pluck_1_2_Pos8_RGB.tif",8,"control","gb_retraction_end",8.27,40.0096758587325
"2024-08-05","CROP_2024-08-05_L2_RGap_H200_10pct_oxygen_t3min_evil_twins_pluck_1_2_Pos11_RGB.tif",11,"control","gb_retraction_end",7.77,39.9075500770416
"2024-08-05","CROP_2024-08-05_L2_RGap_H200_10pct_oxygen_t3min_evil_twins_pluck_1_2_Pos14_RGB.tif",14,"control","gb_retraction_end",8.07,41.0269445856634
"2024-08-05","CROP_2024-08-05_L2_RGap_H200_10pct_oxygen_t3min_evil_twins_pluck_1_2_Pos16_RGB.tif",16,"control","gb_retraction_end",8.02,39.3716249386352
"2024-08-05","CROP_2024-08-05_L2_RGap_H200_10pct_oxygen_t3min_evil_twins_pluck_1_2_Pos18_RGB.tif",18,"control","gb_retraction_end",7.97,41.1461022199277
"2024-08-05","CROP_2024-08-05_L2_RGap_H200_10pct_oxygen_t3min_evil_twins_pluck_1_2_Pos24_RGB.tif",24,"control","gb_retraction_end",7.87,39.2127553562531
"2024-08-05","CROP_2024-08-05_L2_RGap_H200_10pct_oxygen_t3min_evil_twins_pluck_1_2_Pos2_RGB.tif",2,"evil_twins","gb_retraction_end",8.47,41.0766246362755
"2024-08-05","CROP_2024-08-05_L2_RGap_H200_10pct_oxygen_t3min_evil_twins_pluck_1_2_Pos3_RGB.tif",3,"evil_twins","gb_retraction_end",8.92,42.2348484848485
"2024-08-05","CROP_2024-08-05_L2_RGap_H200_10pct_oxygen_t3min_evil_twins_pluck_1_2_Pos5_RGB.tif",5,"evil_twins","gb_retraction_end",8.52,41.8262150220913
"2024-08-05","CROP_2024-08-05_L2_RGap_H200_10pct_oxygen_t3min_evil_twins_pluck_1_2_Pos7_RGB.tif",7,"evil_twins","gb_retraction_end",8.52,41.2191582002903
"2024-08-05","CROP_2024-08-05_L2_RGap_H200_10pct_oxygen_t3min_evil_twins_pluck_1_2_Pos9_RGB.tif",9,"evil_twins","gb_retraction_end",8.87,41.8989135569202
"2024-08-05","CROP_2024-08-05_L2_RGap_H200_10pct_oxygen_t3min_evil_twins_pluck_1_2_Pos10_RGB.tif",10,"evil_twins","gb_retraction_end",8.97,43.0835734870317
"2024-08-05","CROP_2024-08-05_L2_RGap_H200_10pct_oxygen_t3min_evil_twins_pluck_1_2_Pos12_RGB.tif",12,"evil_twins","gb_retraction_end",8.72,41.583214115403
"2024-08-05","CROP_2024-08-05_L2_RGap_H200_10pct_oxygen_t3min_evil_twins_pluck_1_2_Pos13_RGB.tif",13,"evil_twins","gb_retraction_end",8.47,39.9151743638077
"2024-08-05","CROP_2024-08-05_L2_RGap_H200_10pct_oxygen_t3min_evil_twins_pluck_1_2_Pos15_RGB.tif",15,"evil_twins","gb_retraction_end",8.07,39.2318911035489
"2024-08-05","CROP_2024-08-05_L2_RGap_H200_10pct_oxygen_t3min_evil_twins_pluck_1_2_Pos17_RGB.tif",17,"evil_twins","gb_retraction_end",8.42,41.3352970054001
"2024-08-05","CROP_2024-08-05_L2_RGap_H200_10pct_oxygen_t3min_evil_twins_pluck_1_2_Pos19_RGB.tif",19,"evil_twins","gb_retraction_end",10.37,50.6595017098192
"2024-08-05","CROP_2024-08-05_L2_RGap_H200_10pct_oxygen_t3min_evil_twins_pluck_1_2_Pos20_RGB.tif",20,"evil_twins","gb_retraction_end",8.12,35.9769605671245
"2024-08-05","CROP_2024-08-05_L2_RGap_H200_10pct_oxygen_t3min_evil_twins_pluck_1_2_Pos21_RGB.tif",21,"evil_twins","gb_retraction_end",8.12,39.6678065461651
"2024-08-05","CROP_2024-08-05_L2_RGap_H200_10pct_oxygen_t3min_evil_twins_pluck_1_2_Pos23_RGB.tif",23,"evil_twins","gb_retraction_end",9.37,45.1131439576312
"2024-08-05","CROP_2024-08-05_L2_RGap_H200_10pct_oxygen_t3min_evil_twins_pluck_1_2_Pos1_RGB.tif",1,"control","hatching",19.72,100
"2024-08-05","CROP_2024-08-05_L2_RGap_H200_10pct_oxygen_t3min_evil_twins_pluck_1_2_Pos4_RGB.tif",4,"control","hatching",21.42,100
"2024-08-05","CROP_2024-08-05_L2_RGap_H200_10pct_oxygen_t3min_evil_twins_pluck_1_2_Pos8_RGB.tif",8,"control","hatching",20.67,100
"2024-08-05","CROP_2024-08-05_L2_RGap_H200_10pct_oxygen_t3min_evil_twins_pluck_1_2_Pos11_RGB.tif",11,"control","hatching",19.47,100
"2024-08-05","CROP_2024-08-05_L2_RGap_H200_10pct_oxygen_t3min_evil_twins_pluck_1_2_Pos14_RGB.tif",14,"control","hatching",19.67,100
"2024-08-05","CROP_2024-08-05_L2_RGap_H200_10pct_oxygen_t3min_evil_twins_pluck_1_2_Pos16_RGB.tif",16,"control","hatching",20.37,100
"2024-08-05","CROP_2024-08-05_L2_RGap_H200_10pct_oxygen_t3min_evil_twins_pluck_1_2_Pos18_RGB.tif",18,"control","hatching",19.37,100
"2024-08-05","CROP_2024-08-05_L2_RGap_H200_10pct_oxygen_t3min_evil_twins_pluck_1_2_Pos24_RGB.tif",24,"control","hatching",20.07,100
"2024-08-05","CROP_2024-08-05_L2_RGap_H200_10pct_oxygen_t3min_evil_twins_pluck_1_2_Pos2_RGB.tif",2,"evil_twins","hatching",20.62,100
"2024-08-05","CROP_2024-08-05_L2_RGap_H200_10pct_oxygen_t3min_evil_twins_pluck_1_2_Pos3_RGB.tif",3,"evil_twins","hatching",21.12,100
"2024-08-05","CROP_2024-08-05_L2_RGap_H200_10pct_oxygen_t3min_evil_twins_pluck_1_2_Pos5_RGB.tif",5,"evil_twins","hatching",20.37,100
"2024-08-05","CROP_2024-08-05_L2_RGap_H200_10pct_oxygen_t3min_evil_twins_pluck_1_2_Pos7_RGB.tif",7,"evil_twins","hatching",20.67,100
"2024-08-05","CROP_2024-08-05_L2_RGap_H200_10pct_oxygen_t3min_evil_twins_pluck_1_2_Pos9_RGB.tif",9,"evil_twins","hatching",21.17,100
"2024-08-05","CROP_2024-08-05_L2_RGap_H200_10pct_oxygen_t3min_evil_twins_pluck_1_2_Pos10_RGB.tif",10,"evil_twins","hatching",20.82,100
"2024-08-05","CROP_2024-08-05_L2_RGap_H200_10pct_oxygen_t3min_evil_twins_pluck_1_2_Pos12_RGB.tif",12,"evil_twins","hatching",20.97,100
"2024-08-05","CROP_2024-08-05_L2_RGap_H200_10pct_oxygen_t3min_evil_twins_pluck_1_2_Pos13_RGB.tif",13,"evil_twins","hatching",21.22,100
"2024-08-05","CROP_2024-08-05_L2_RGap_H200_10pct_oxygen_t3min_evil_twins_pluck_1_2_Pos15_RGB.tif",15,"evil_twins","hatching",20.57,100
"2024-08-05","CROP_2024-08-05_L2_RGap_H200_10pct_oxygen_t3min_evil_twins_pluck_1_2_Pos17_RGB.tif",17,"evil_twins","hatching",20.37,100
"2024-08-05","CROP_2024-08-05_L2_RGap_H200_10pct_oxygen_t3min_evil_twins_pluck_1_2_Pos19_RGB.tif",19,"evil_twins","hatching",20.47,100
"2024-08-05","CROP_2024-08-05_L2_RGap_H200_10pct_oxygen_t3min_evil_twins_pluck_1_2_Pos20_RGB.tif",20,"evil_twins","hatching",22.57,100
"2024-08-05","CROP_2024-08-05_L2_RGap_H200_10pct_oxygen_t3min_evil_twins_pluck_1_2_Pos21_RGB.tif",21,"evil_twins","hatching",20.47,100
"2024-08-05","CROP_2024-08-05_L2_RGap_H200_10pct_oxygen_t3min_evil_twins_pluck_1_2_Pos23_RGB.tif",23,"evil_twins","hatching",20.77,100
